Business Name,Address,Category,Google Maps Link,Website,Rating,Reviews,Phone
Cairo Capital Clinics,010 00066654,عيادة طبية,https://www.google.com/maps/place/Cairo+Capital+Clinics/data=!4m7!3m6!1s0x145841e5520a9f79:0xb41381ce57f0f127!8m2!3d30.0637796!4d31.2208016!16s%2Fg%2F11g3_9ywtc!19sChIJeZ8KUuVBWBQRJ_HwV86BE7Q?authuser=0&hl=ar&rclk=1,https://www.google.com/maps/place/Cairo+Capital+Clinics/data=!4m7!3m6!1s0x145841e5520a9f79:0xb41381ce57f0f127!8m2!3d30.0637796!4d31.2208016!16s%2Fg%2F11g3_9ywtc!19sChIJeZ8KUuVBWBQRJ_HwV86BE7Q?authuser=0&hl=ar&rclk=1,4.9,7.0,010 00066654
Gastrocare Clinic New Cairo - عيادات جستروكير,012 75377055,مركز طبي,https://www.google.com/maps/place/Gastrocare+Clinic+New+Cairo+-+%D8%B9%D9%8A%D8%A7%D8%AF%D8%A7%D8%AA+%D8%AC%D8%B3%D8%AA%D8%B1%D9%88%D9%83%D9%8A%D8%B1%E2%80%AD/data=!4m7!3m6!1s0x14583d9ab446e487:0xd44eaf5aaa14f62c!8m2!3d30.0047873!4d31.4263788!16s%2Fg%2F11flc2blhv!19sChIJh-RGtJo9WBQRLPYUqlqvTtQ?authuser=0&hl=ar&rclk=1,https://www.google.com/maps/place/Gastrocare+Clinic+New+Cairo+-+%D8%B9%D9%8A%D8%A7%D8%AF%D8%A7%D8%AA+%D8%AC%D8%B3%D8%AA%D8%B1%D9%88%D9%83%D9%8A%D8%B1%E2%80%AD/data=!4m7!3m6!1s0x14583d9ab446e487:0xd44eaf5aaa14f62c!8m2!3d30.0047873!4d31.4263788!16s%2Fg%2F11flc2blhv!19sChIJh-RGtJo9WBQRLPYUqlqvTtQ?authuser=0&hl=ar&rclk=1,4.8,160.0,012 75377055
Karim Zohdy Ortho Clinic,"11 Al Falki, Bab Al Louq, Abdeen, Cairo Governorate Andeen",جراح تقويم عظام,https://www.google.com/maps/place/Karim+Zohdy+Ortho+Clinic/data=!4m7!3m6!1s0x14584104202c0c4d:0xd22676075b4de3b5!8m2!3d30.0453286!4d31.2402099!16s%2Fg%2F11fd55lt9n!19sChIJTQwsIARBWBQRteNNWwd2JtI?authuser=0&hl=ar&rclk=1,https://www.google.com/maps/place/Karim+Zohdy+Ortho+Clinic/data=!4m7!3m6!1s0x14584104202c0c4d:0xd22676075b4de3b5!8m2!3d30.0453286!4d31.2402099!16s%2Fg%2F11fd55lt9n!19sChIJTQwsIARBWBQRteNNWwd2JtI?authuser=0&hl=ar&rclk=1,4.8,150.0,010 21211000
Denver clinic,010 99355211,جراح تجميل,https://www.google.com/maps/place/Denver+clinic/data=!4m7!3m6!1s0x145840fd18a4a965:0x46a20559be075f2b!8m2!3d30.0558698!4d31.2217712!16s%2Fg%2F1ptxms8_5!19sChIJZamkGP1AWBQRK18HvlkFokY?authuser=0&hl=ar&rclk=1,https://www.google.com/maps/place/Denver+clinic/data=!4m7!3m6!1s0x145840fd18a4a965:0x46a20559be075f2b!8m2!3d30.0558698!4d31.2217712!16s%2Fg%2F1ptxms8_5!19sChIJZamkGP1AWBQRK18HvlkFokY?authuser=0&hl=ar&rclk=1,4.1,30.0,010 99355211
دكتور أحمد إسماعيل شكري - أستاذ جراحة المسالك البولية والتناسلية وجراحة المسالك للأطفال,010 23654545,طبيب مسالك بولية,https://www.google.com/maps/place/%D8%AF%D9%83%D8%AA%D9%88%D8%B1+%D8%A3%D8%AD%D9%85%D8%AF+%D8%A5%D8%B3%D9%85%D8%A7%D8%B9%D9%8A%D9%84+%D8%B4%D9%83%D8%B1%D9%8A+-+%D8%A3%D8%B3%D8%AA%D8%A7%D8%B0+%D8%AC%D8%B1%D8%A7%D8%AD%D8%A9+%D8%A7%D9%84%D9%85%D8%B3%D8%A7%D9%84%D9%83+%D8%A7%D9%84%D8%A8%D9%88%D9%84%D9%8A%D8%A9+%D9%88%D8%A7%D9%84%D8%AA%D9%86%D8%A7%D8%B3%D9%84%D9%8A%D8%A9+%D9%88%D8%AC%D8%B1%D8%A7%D8%AD%D8%A9+%D8%A7%D9%84%D9%85%D8%B3%D8%A7%D9%84%D9%83+%D9%84%D9%84%D8%A3%D8%B7%D9%81%D8%A7%D9%84%E2%80%AD/data=!4m7!3m6!1s0x145840b8de2837ed:0x748173cff18265f0!8m2!3d30.0458861!4d31.2423907!16s%2Fg%2F11g6q68lpn!19sChIJ7Tco3rhAWBQR8GWC8c9zgXQ?authuser=0&hl=ar&rclk=1,https://www.google.com/maps/place/%D8%AF%D9%83%D8%AA%D9%88%D8%B1+%D8%A3%D8%AD%D9%85%D8%AF+%D8%A5%D8%B3%D9%85%D8%A7%D8%B9%D9%8A%D9%84+%D8%B4%D9%83%D8%B1%D9%8A+-+%D8%A3%D8%B3%D8%AA%D8%A7%D8%B0+%D8%AC%D8%B1%D8%A7%D8%AD%D8%A9+%D8%A7%D9%84%D9%85%D8%B3%D8%A7%D9%84%D9%83+%D8%A7%D9%84%D8%A8%D9%88%D9%84%D9%8A%D8%A9+%D9%88%D8%A7%D9%84%D8%AA%D9%86%D8%A7%D8%B3%D9%84%D9%8A%D8%A9+%D9%88%D8%AC%D8%B1%D8%A7%D8%AD%D8%A9+%D8%A7%D9%84%D9%85%D8%B3%D8%A7%D9%84%D9%83+%D9%84%D9%84%D8%A3%D8%B7%D9%81%D8%A7%D9%84%E2%80%AD/data=!4m7!3m6!1s0x145840b8de2837ed:0x748173cff18265f0!8m2!3d30.0458861!4d31.2423907!16s%2Fg%2F11g6q68lpn!19sChIJ7Tco3rhAWBQR8GWC8c9zgXQ?authuser=0&hl=ar&rclk=1,4.8,114.0,010 23654545
Home visit doctor - doctor house call,010 29029206,طبيب,https://www.google.com/maps/place/Home+visit+doctor+-+doctor+house+call/data=!4m7!3m6!1s0x14584151ecdc4429:0xc1ab9967409dca73!8m2!3d30.0330069!4d31.2265478!16s%2Fg%2F11k4wg3w8b!19sChIJKUTc7FFBWBQRc8qdQGeZq8E?authuser=0&hl=ar&rclk=1,https://www.google.com/maps/place/Home+visit+doctor+-+doctor+house+call/data=!4m7!3m6!1s0x14584151ecdc4429:0xc1ab9967409dca73!8m2!3d30.0330069!4d31.2265478!16s%2Fg%2F11k4wg3w8b!19sChIJKUTc7FFBWBQRc8qdQGeZq8E?authuser=0&hl=ar&rclk=1,5.0,1.0,010 29029206
د. ناصف محمد ناصف - استشاري جراحة العظام والمفاصل / Dr. Nasef Mohamed Nasef - Orthopedic Surgery Consultant,012 12283383,جراح تقويم عظام,https://www.google.com/maps/place/%D8%AF.+%D9%86%D8%A7%D8%B5%D9%81+%D9%85%D8%AD%D9%85%D8%AF+%D9%86%D8%A7%D8%B5%D9%81+-+%D8%A7%D8%B3%D8%AA%D8%B4%D8%A7%D8%B1%D9%8A+%D8%AC%D8%B1%D8%A7%D8%AD%D8%A9+%D8%A7%D9%84%D8%B9%D8%B8%D8%A7%D9%85+%D9%88%D8%A7%D9%84%D9%85%D9%81%D8%A7%D8%B5%D9%84+%2F+Dr.+Nasef+Mohamed+Nasef+-+Orthopedic+Surgery+Consultant%E2%80%AD/data=!4m7!3m6!1s0x145840b5395756cd:0x95241a3d27f2bb2d!8m2!3d30.032749!4d31.241512!16s%2Fg%2F11c4slswl4!19sChIJzVZXObVAWBQRLbvyJz0aJJU?authuser=0&hl=ar&rclk=1,https://www.google.com/maps/place/%D8%AF.+%D9%86%D8%A7%D8%B5%D9%81+%D9%85%D8%AD%D9%85%D8%AF+%D9%86%D8%A7%D8%B5%D9%81+-+%D8%A7%D8%B3%D8%AA%D8%B4%D8%A7%D8%B1%D9%8A+%D8%AC%D8%B1%D8%A7%D8%AD%D8%A9+%D8%A7%D9%84%D8%B9%D8%B8%D8%A7%D9%85+%D9%88%D8%A7%D9%84%D9%85%D9%81%D8%A7%D8%B5%D9%84+%2F+Dr.+Nasef+Mohamed+Nasef+-+Orthopedic+Surgery+Consultant%E2%80%AD/data=!4m7!3m6!1s0x145840b5395756cd:0x95241a3d27f2bb2d!8m2!3d30.032749!4d31.241512!16s%2Fg%2F11c4slswl4!19sChIJzVZXObVAWBQRLbvyJz0aJJU?authuser=0&hl=ar&rclk=1,4.3,87.0,012 12283383
Elite Clinic,010 66262858,عيادة طبية,https://www.google.com/maps/place/Elite+Clinic/data=!4m7!3m6!1s0x145840cc96940491:0xb03bab502d58189!8m2!3d30.035627!4d31.2329791!16s%2Fg%2F11crzf8g1q!19sChIJkQSUlsxAWBQRiYHVArW6Aws?authuser=0&hl=ar&rclk=1,https://www.google.com/maps/place/Elite+Clinic/data=!4m7!3m6!1s0x145840cc96940491:0xb03bab502d58189!8m2!3d30.035627!4d31.2329791!16s%2Fg%2F11crzf8g1q!19sChIJkQSUlsxAWBQRiYHVArW6Aws?authuser=0&hl=ar&rclk=1,5.0,1.0,010 66262858
Sherif Khaled Clinic,"32 Falaky street, Awkaf, building",عيادة جراحة العظام,https://www.google.com/maps/place/Sherif+Khaled+Clinic/data=!4m7!3m6!1s0x1458411535203abb:0x252c02c22e6dc4fc!8m2!3d30.0445442!4d31.2394248!16s%2Fg%2F11jgsf86jm!19sChIJuzogNRVBWBQR_MRtLsICLCU?authuser=0&hl=ar&rclk=1,https://www.google.com/maps/place/Sherif+Khaled+Clinic/data=!4m7!3m6!1s0x1458411535203abb:0x252c02c22e6dc4fc!8m2!3d30.0445442!4d31.2394248!16s%2Fg%2F11jgsf86jm!19sChIJuzogNRVBWBQR_MRtLsICLCU?authuser=0&hl=ar&rclk=1,4.8,20.0,012 80000845
عيادة اسنان دكتورة ايمان طنطاوي - المهندسين,010 62078492,طبيب أسنان,https://www.google.com/maps/place/%D8%B9%D9%8A%D8%A7%D8%AF%D8%A9+%D8%A7%D8%B3%D9%86%D8%A7%D9%86+%D8%AF%D9%83%D8%AA%D9%88%D8%B1%D8%A9+%D8%A7%D9%8A%D9%85%D8%A7%D9%86+%D8%B7%D9%86%D8%B7%D8%A7%D9%88%D9%8A+-+%D8%A7%D9%84%D9%85%D9%87%D9%86%D8%AF%D8%B3%D9%8A%D9%86%E2%80%AD/data=!4m7!3m6!1s0x1458416900169e5f:0xb752742757b0727e!8m2!3d30.0548358!4d31.1991547!16s%2Fg%2F11h7t8fdjy!19sChIJX54WAGlBWBQRfnKwVyd0Urc?authuser=0&hl=ar&rclk=1,https://www.google.com/maps/place/%D8%B9%D9%8A%D8%A7%D8%AF%D8%A9+%D8%A7%D8%B3%D9%86%D8%A7%D9%86+%D8%AF%D9%83%D8%AA%D9%88%D8%B1%D8%A9+%D8%A7%D9%8A%D9%85%D8%A7%D9%86+%D8%B7%D9%86%D8%B7%D8%A7%D9%88%D9%8A+-+%D8%A7%D9%84%D9%85%D9%87%D9%86%D8%AF%D8%B3%D9%8A%D9%86%E2%80%AD/data=!4m7!3m6!1s0x1458416900169e5f:0xb752742757b0727e!8m2!3d30.0548358!4d31.1991547!16s%2Fg%2F11h7t8fdjy!19sChIJX54WAGlBWBQRfnKwVyd0Urc?authuser=0&hl=ar&rclk=1,4.8,521.0,010 62078492
Cairo Medical Center,011 56611342,طبيب,https://www.google.com/maps/place/Cairo+Medical+Center/data=!4m7!3m6!1s0x145857295b95cfaf:0x7395d3160b5e2521!8m2!3d29.9556488!4d30.9180314!16s%2Fg%2F11h5rymyrv!19sChIJr8-VWylXWBQRISVeCxbTlXM?authuser=0&hl=ar&rclk=1,https://www.google.com/maps/place/Cairo+Medical+Center/data=!4m7!3m6!1s0x145857295b95cfaf:0x7395d3160b5e2521!8m2!3d29.9556488!4d30.9180314!16s%2Fg%2F11h5rymyrv!19sChIJr8-VWylXWBQRISVeCxbTlXM?authuser=0&hl=ar&rclk=1,4.6,94.0,011 56611342
مركز دكتور روبير جورج للتخسيس وتنسيق القوام Dr.Rober Diet,012 24224272,عيادة طبية,https://www.google.com/maps/place/%D9%85%D8%B1%D9%83%D8%B2+%D8%AF%D9%83%D8%AA%D9%88%D8%B1+%D8%B1%D9%88%D8%A8%D9%8A%D8%B1+%D8%AC%D9%88%D8%B1%D8%AC+%D9%84%D9%84%D8%AA%D8%AE%D8%B3%D9%8A%D8%B3+%D9%88%D8%AA%D9%86%D8%B3%D9%8A%D9%82+%D8%A7%D9%84%D9%82%D9%88%D8%A7%D9%85+Dr.Rober+Diet%E2%80%AD/data=!4m7!3m6!1s0x1458472572be76a1:0x9c00e4a5fcfcdbf!8m2!3d30.0240728!4d31.226132!16s%2Fg%2F11dfm7dlzz!19sChIJoXa-ciVHWBQRv83PX0oOwAk?authuser=0&hl=ar&rclk=1,https://www.google.com/maps/place/%D9%85%D8%B1%D9%83%D8%B2+%D8%AF%D9%83%D8%AA%D9%88%D8%B1+%D8%B1%D9%88%D8%A8%D9%8A%D8%B1+%D8%AC%D9%88%D8%B1%D8%AC+%D9%84%D9%84%D8%AA%D8%AE%D8%B3%D9%8A%D8%B3+%D9%88%D8%AA%D9%86%D8%B3%D9%8A%D9%82+%D8%A7%D9%84%D9%82%D9%88%D8%A7%D9%85+Dr.Rober+Diet%E2%80%AD/data=!4m7!3m6!1s0x1458472572be76a1:0x9c00e4a5fcfcdbf!8m2!3d30.0240728!4d31.226132!16s%2Fg%2F11dfm7dlzz!19sChIJoXa-ciVHWBQRv83PX0oOwAk?authuser=0&hl=ar&rclk=1,5.0,108.0,012 24224272
مركز عين العالم لطب وجراحة العيون,012 05566002,مركز عناية بالعيون,https://www.google.com/maps/place/%D9%85%D8%B1%D9%83%D8%B2+%D8%B9%D9%8A%D9%86+%D8%A7%D9%84%D8%B9%D8%A7%D9%84%D9%85+%D9%84%D8%B7%D8%A8+%D9%88%D8%AC%D8%B1%D8%A7%D8%AD%D8%A9+%D8%A7%D9%84%D8%B9%D9%8A%D9%88%D9%86%E2%80%AD/data=!4m7!3m6!1s0x14584151eab30e23:0x9cdf968ed45da6ad!8m2!3d30.0475!4d31.2464!16s%2Fg%2F11csqf69s3!19sChIJIw6z6lFBWBQRraZd1I6W35w?authuser=0&hl=ar&rclk=1,https://www.google.com/maps/place/%D9%85%D8%B1%D9%83%D8%B2+%D8%B9%D9%8A%D9%86+%D8%A7%D9%84%D8%B9%D8%A7%D9%84%D9%85+%D9%84%D8%B7%D8%A8+%D9%88%D8%AC%D8%B1%D8%A7%D8%AD%D8%A9+%D8%A7%D9%84%D8%B9%D9%8A%D9%88%D9%86%E2%80%AD/data=!4m7!3m6!1s0x14584151eab30e23:0x9cdf968ed45da6ad!8m2!3d30.0475!4d31.2464!16s%2Fg%2F11csqf69s3!19sChIJIw6z6lFBWBQRraZd1I6W35w?authuser=0&hl=ar&rclk=1,4.6,135.0,012 05566002
The Doctors medical clinic,010 00010663,عيادة طبية,https://www.google.com/maps/place/The+Doctors+medical+clinic/data=!4m7!3m6!1s0x14583f8f68e12c45:0x632441fa9ed7242a!8m2!3d30.055091!4d31.3532639!16s%2Fg%2F11fqcwt2t0!19sChIJRSzhaI8_WBQRKiTXnvpBJGM?authuser=0&hl=ar&rclk=1,https://www.google.com/maps/place/The+Doctors+medical+clinic/data=!4m7!3m6!1s0x14583f8f68e12c45:0x632441fa9ed7242a!8m2!3d30.055091!4d31.3532639!16s%2Fg%2F11fqcwt2t0!19sChIJRSzhaI8_WBQRKiTXnvpBJGM?authuser=0&hl=ar&rclk=1,4.4,12.0,010 00010663
ElGamal Clinic ( Mohandessin ) الجمل كلينك - جراحة التجميل والجلدية و الليزر و الاسنان و العلاج الطبيعي و التغذية,012 06666199,مركز طبي,https://www.google.com/maps/place/ElGamal+Clinic+%28+Mohandessin+%29+%D8%A7%D9%84%D8%AC%D9%85%D9%84+%D9%83%D9%84%D9%8A%D9%86%D9%83+-+%D8%AC%D8%B1%D8%A7%D8%AD%D8%A9+%D8%A7%D9%84%D8%AA%D8%AC%D9%85%D9%8A%D9%84+%D9%88%D8%A7%D9%84%D8%AC%D9%84%D8%AF%D9%8A%D8%A9+%D9%88+%D8%A7%D9%84%D9%84%D9%8A%D8%B2%D8%B1+%D9%88+%D8%A7%D9%84%D8%A7%D8%B3%D9%86%D8%A7%D9%86+%D9%88+%D8%A7%D9%84%D8%B9%D9%84%D8%A7%D8%AC+%D8%A7%D9%84%D8%B7%D8%A8%D9%8A%D8%B9%D9%8A+%D9%88+%D8%A7%D9%84%D8%AA%D8%BA%D8%B0%D9%8A%D8%A9%E2%80%AD/data=!4m7!3m6!1s0x145841e7655c09cf:0x476e30ba4d401d61!8m2!3d30.0525247!4d31.2045146!16s%2Fg%2F11qgx9l4k5!19sChIJzwlcZedBWBQRYR1ATbowbkc?authuser=0&hl=ar&rclk=1,https://www.google.com/maps/place/ElGamal+Clinic+%28+Mohandessin+%29+%D8%A7%D9%84%D8%AC%D9%85%D9%84+%D9%83%D9%84%D9%8A%D9%86%D9%83+-+%D8%AC%D8%B1%D8%A7%D8%AD%D8%A9+%D8%A7%D9%84%D8%AA%D8%AC%D9%85%D9%8A%D9%84+%D9%88%D8%A7%D9%84%D8%AC%D9%84%D8%AF%D9%8A%D8%A9+%D9%88+%D8%A7%D9%84%D9%84%D9%8A%D8%B2%D8%B1+%D9%88+%D8%A7%D9%84%D8%A7%D8%B3%D9%86%D8%A7%D9%86+%D9%88+%D8%A7%D9%84%D8%B9%D9%84%D8%A7%D8%AC+%D8%A7%D9%84%D8%B7%D8%A8%D9%8A%D8%B9%D9%8A+%D9%88+%D8%A7%D9%84%D8%AA%D8%BA%D8%B0%D9%8A%D8%A9%E2%80%AD/data=!4m7!3m6!1s0x145841e7655c09cf:0x476e30ba4d401d61!8m2!3d30.0525247!4d31.2045146!16s%2Fg%2F11qgx9l4k5!19sChIJzwlcZedBWBQRYR1ATbowbkc?authuser=0&hl=ar&rclk=1,4.7,181.0,012 06666199
Dr. Hassan Hosny,02 27370538,طبيب,https://www.google.com/maps/place/Dr.+Hassan+Hosny/data=!4m7!3m6!1s0x145823f5b587af79:0x1e8a4acf8eb1bee4!8m2!3d30.063425!4d31.2184902!16s%2Fg%2F11gxjsjjjf!19sChIJea-HtfUjWBQR5L6xjs9Kih4?authuser=0&hl=ar&rclk=1,https://www.google.com/maps/place/Dr.+Hassan+Hosny/data=!4m7!3m6!1s0x145823f5b587af79:0x1e8a4acf8eb1bee4!8m2!3d30.063425!4d31.2184902!16s%2Fg%2F11gxjsjjjf!19sChIJea-HtfUjWBQR5L6xjs9Kih4?authuser=0&hl=ar&rclk=1,5.0,1.0,02 27370538
كايرو كلينك,"1 Demashq St, off Syria St",عيادة الخصوبة,https://www.google.com/maps/place/%D9%83%D8%A7%D9%8A%D8%B1%D9%88+%D9%83%D9%84%D9%8A%D9%86%D9%83%E2%80%AD/data=!4m7!3m6!1s0x1458413be80d13b1:0xccdef30578a73ef6!8m2!3d30.055052!4d31.1924608!16s%2Fg%2F1thbgl2l!19sChIJsRMN6DtBWBQR9j6neAXz3sw?authuser=0&hl=ar&rclk=1,https://www.google.com/maps/place/%D9%83%D8%A7%D9%8A%D8%B1%D9%88+%D9%83%D9%84%D9%8A%D9%86%D9%83%E2%80%AD/data=!4m7!3m6!1s0x1458413be80d13b1:0xccdef30578a73ef6!8m2!3d30.055052!4d31.1924608!16s%2Fg%2F1thbgl2l!19sChIJsRMN6DtBWBQR9j6neAXz3sw?authuser=0&hl=ar&rclk=1,4.6,70.0,012 22180796
Barsoum Dental Clinic,"Intersection of 26 July Street With Emad El-Deen, Downtown Cairo, 7 26 July St",عِيادة أسنان,https://www.google.com/maps/place/Barsoum+Dental+Clinic/data=!4m7!3m6!1s0x145840e0fd3394a3:0xd65f2e25eaeeff90!8m2!3d30.052678!4d31.244583!16s%2Fg%2F1tr6chgz!19sChIJo5Qz_eBAWBQRkP_u6iUuX9Y?authuser=0&hl=ar&rclk=1,https://www.google.com/maps/place/Barsoum+Dental+Clinic/data=!4m7!3m6!1s0x145840e0fd3394a3:0xd65f2e25eaeeff90!8m2!3d30.052678!4d31.244583!16s%2Fg%2F1tr6chgz!19sChIJo5Qz_eBAWBQRkP_u6iUuX9Y?authuser=0&hl=ar&rclk=1,4.6,73.0,012 21010257
Cairo Neurosurgery Clinics,"35 Kasr Al Ainy Street Downtown Cairo 6th floor , Room 624 Down Town",عيادة طبية,https://www.google.com/maps/place/Cairo+Neurosurgery+Clinics/data=!4m7!3m6!1s0x1458574b7142a367:0x34902dc3bf61a9c4!8m2!3d30.0273657!4d31.2325091!16s%2Fg%2F11fmd970k9!19sChIJZ6NCcUtXWBQRxKlhv8MtkDQ?authuser=0&hl=ar&rclk=1,https://www.google.com/maps/place/Cairo+Neurosurgery+Clinics/data=!4m7!3m6!1s0x1458574b7142a367:0x34902dc3bf61a9c4!8m2!3d30.0273657!4d31.2325091!16s%2Fg%2F11fmd970k9!19sChIJZ6NCcUtXWBQRxKlhv8MtkDQ?authuser=0&hl=ar&rclk=1,,,010 05190755
Doctor Online,010 96906515,عيادة طبية,https://www.google.com/maps/place/Doctor+Online/data=!4m7!3m6!1s0x145841d0849f8809:0x9de8d8927efd3f1f!8m2!3d30.0702528!4d31.2217517!16s%2Fg%2F11qfw2b6tf!19sChIJCYifhNBBWBQRHz_9fpLY6J0?authuser=0&hl=ar&rclk=1,https://www.google.com/maps/place/Doctor+Online/data=!4m7!3m6!1s0x145841d0849f8809:0x9de8d8927efd3f1f!8m2!3d30.0702528!4d31.2217517!16s%2Fg%2F11qfw2b6tf!19sChIJCYifhNBBWBQRHz_9fpLY6J0?authuser=0&hl=ar&rclk=1,5.0,2.0,010 96906515
كايرو كلينك,"1 Demashq St, off Syria St",عيادة الخصوبة,https://www.google.com/maps/place/%D9%83%D8%A7%D9%8A%D8%B1%D9%88+%D9%83%D9%84%D9%8A%D9%86%D9%83%E2%80%AD/data=!4m7!3m6!1s0x1458413be80d13b1:0xccdef30578a73ef6!8m2!3d30.055052!4d31.1924608!16s%2Fg%2F1thbgl2l!19sChIJsRMN6DtBWBQR9j6neAXz3sw?authuser=0&hl=ar&rclk=1,https://www.google.com/maps/place/%D9%83%D8%A7%D9%8A%D8%B1%D9%88+%D9%83%D9%84%D9%8A%D9%86%D9%83%E2%80%AD/data=!4m7!3m6!1s0x1458413be80d13b1:0xccdef30578a73ef6!8m2!3d30.055052!4d31.1924608!16s%2Fg%2F1thbgl2l!19sChIJsRMN6DtBWBQR9j6neAXz3sw?authuser=0&hl=ar&rclk=1,4.6,70.0,012 22180796
Inej clinic,"cairo medical center, Clinic 415, level, 4 التسعين الشمالي",عيادة طبية,https://www.google.com/maps/place/Inej+clinic/data=!4m7!3m6!1s0x14582382b8e538ad:0xbbe1629c2613c110!8m2!3d30.0206369!4d31.434266!16s%2Fg%2F11vys1zg44!19sChIJrTjluIIjWBQREMETJpxi4bs?authuser=0&hl=ar&rclk=1,https://www.google.com/maps/place/Inej+clinic/data=!4m7!3m6!1s0x14582382b8e538ad:0xbbe1629c2613c110!8m2!3d30.0206369!4d31.434266!16s%2Fg%2F11vys1zg44!19sChIJrTjluIIjWBQREMETJpxi4bs?authuser=0&hl=ar&rclk=1,5.0,13.0,011 24898400
Medipoint,"5 al Shbab street, Sheikh Zayed City, Cairo, Giza, Eg",عيادة طبية,https://www.google.com/maps/place/Medipoint/data=!4m7!3m6!1s0x14585a179490d125:0x939d618cc5f53a9!8m2!3d30.0310708!4d30.9998026!16s%2Fg%2F1yh9txfr5!19sChIJJdGQlBdaWBQRqVNfzBjWOQk?authuser=0&hl=ar&rclk=1,https://www.google.com/maps/place/Medipoint/data=!4m7!3m6!1s0x14585a179490d125:0x939d618cc5f53a9!8m2!3d30.0310708!4d30.9998026!16s%2Fg%2F1yh9txfr5!19sChIJJdGQlBdaWBQRqVNfzBjWOQk?authuser=0&hl=ar&rclk=1,4.7,26.0,010 20701033
S Clinics Cairo,"Twin Towers, Building C, 4th floor, Clinic N",طبيب أسنان,https://www.google.com/maps/place/S+Clinics+Cairo/data=!4m7!3m6!1s0x14585b4953fc4cfd:0x1262c059d3e9a6f9!8m2!3d30.0244845!4d31.0117559!16s%2Fg%2F11tft30brb!19sChIJ_Uz8U0lbWBQR-abp01nAYhI?authuser=0&hl=ar&rclk=1,https://www.google.com/maps/place/S+Clinics+Cairo/data=!4m7!3m6!1s0x14585b4953fc4cfd:0x1262c059d3e9a6f9!8m2!3d30.0244845!4d31.0117559!16s%2Fg%2F11tft30brb!19sChIJ_Uz8U0lbWBQR-abp01nAYhI?authuser=0&hl=ar&rclk=1,5.0,134.0,011 17443355
Dr.Amr Essam Dental clinic,Leven square mall,عيادة طبية,https://www.google.com/maps/place/Dr.Amr+Essam+Dental+clinic/data=!4m7!3m6!1s0x14582376c72d3341:0x2da1d474b490c80!8m2!3d30.0459964!4d31.4854917!16s%2Fg%2F11vc52w_fz!19sChIJQTMtx3YjWBQRgAxJS0cd2gI?authuser=0&hl=ar&rclk=1,https://www.google.com/maps/place/Dr.Amr+Essam+Dental+clinic/data=!4m7!3m6!1s0x14582376c72d3341:0x2da1d474b490c80!8m2!3d30.0459964!4d31.4854917!16s%2Fg%2F11vc52w_fz!19sChIJQTMtx3YjWBQRgAxJS0cd2gI?authuser=0&hl=ar&rclk=1,5.0,138.0,010 19350502
Divine- Dr Fady Aziz - New Cairo,2G9H+QP,عِيادة أسنان,https://www.google.com/maps/place/Divine-+Dr+Fady+Aziz+-+New+Cairo/data=!4m7!3m6!1s0x14582300137af791:0xe3e5865421472514!8m2!3d30.0194943!4d31.5292882!16s%2Fg%2F11wc30wn9b!19sChIJkfd6EwAjWBQRFCVHIVSG5eM?authuser=0&hl=ar&rclk=1,https://www.google.com/maps/place/Divine-+Dr+Fady+Aziz+-+New+Cairo/data=!4m7!3m6!1s0x14582300137af791:0xe3e5865421472514!8m2!3d30.0194943!4d31.5292882!16s%2Fg%2F11wc30wn9b!19sChIJkfd6EwAjWBQRFCVHIVSG5eM?authuser=0&hl=ar&rclk=1,5.0,14.0,
Prime Clinics,Maintenance area- katameya heights compound,عيادة طبية,https://www.google.com/maps/place/Prime+Clinics/data=!4m7!3m6!1s0x14583c9e7cd14479:0x48c22f61efd619f1!8m2!3d29.9878672!4d31.417611!16s%2Fg%2F11cmsk3dx6!19sChIJeUTRfJ48WBQR8RnW72Evwkg?authuser=0&hl=ar&rclk=1,https://www.google.com/maps/place/Prime+Clinics/data=!4m7!3m6!1s0x14583c9e7cd14479:0x48c22f61efd619f1!8m2!3d29.9878672!4d31.417611!16s%2Fg%2F11cmsk3dx6!19sChIJeUTRfJ48WBQR8RnW72Evwkg?authuser=0&hl=ar&rclk=1,4.2,175.0,010 01090635
"Dr. Ramy Magdy Clinic, Cardiology & Internal Medicine","Gateway Mall, Building (C-clinics), CS8. Besides El Moktabar Laboratories Besides El Moktabar Laboratories. Rehab City, 2nd New Cairo",عيادة طبية,"https://www.google.com/maps/place/Dr.+Ramy+Magdy+Clinic,+Cardiology+%26+Internal+Medicine/data=!4m7!3m6!1s0x145819d6a058587b:0xfe54a36c614f4e31!8m2!3d30.0652466!4d31.4798986!16s%2Fg%2F11vpy0qp32!19sChIJe1hYoNYZWBQRMU5PYWyjVP4?authuser=0&hl=ar&rclk=1","https://www.google.com/maps/place/Dr.+Ramy+Magdy+Clinic,+Cardiology+%26+Internal+Medicine/data=!4m7!3m6!1s0x145819d6a058587b:0xfe54a36c614f4e31!8m2!3d30.0652466!4d31.4798986!16s%2Fg%2F11vpy0qp32!19sChIJe1hYoNYZWBQRMU5PYWyjVP4?authuser=0&hl=ar&rclk=1",5.0,6.0,012 74976665
Medical Park Premier,"Behind Air Forces Hospital, Southern, رقم 90",مركز طبي,https://www.google.com/maps/place/Medical+Park+Premier/data=!4m7!3m6!1s0x14583d9b41a497e9:0x69614c31e2fb6712!8m2!3d30.0189286!4d31.4348388!16s%2Fg%2F11y5v_m3xc!19sChIJ6ZekQZs9WBQREmf74jFMYWk?authuser=0&hl=ar&rclk=1,https://www.google.com/maps/place/Medical+Park+Premier/data=!4m7!3m6!1s0x14583d9b41a497e9:0x69614c31e2fb6712!8m2!3d30.0189286!4d31.4348388!16s%2Fg%2F11y5v_m3xc!19sChIJ6ZekQZs9WBQREmf74jFMYWk?authuser=0&hl=ar&rclk=1,5.0,2.0,010 00476104
مركز عين العالم لطب وجراحة العيون,012 05566002,مركز عناية بالعيون,https://www.google.com/maps/place/%D9%85%D8%B1%D9%83%D8%B2+%D8%B9%D9%8A%D9%86+%D8%A7%D9%84%D8%B9%D8%A7%D9%84%D9%85+%D9%84%D8%B7%D8%A8+%D9%88%D8%AC%D8%B1%D8%A7%D8%AD%D8%A9+%D8%A7%D9%84%D8%B9%D9%8A%D9%88%D9%86%E2%80%AD/data=!4m7!3m6!1s0x14584151eab30e23:0x9cdf968ed45da6ad!8m2!3d30.0475!4d31.2464!16s%2Fg%2F11csqf69s3!19sChIJIw6z6lFBWBQRraZd1I6W35w?authuser=0&hl=ar&rclk=1,https://www.google.com/maps/place/%D9%85%D8%B1%D9%83%D8%B2+%D8%B9%D9%8A%D9%86+%D8%A7%D9%84%D8%B9%D8%A7%D9%84%D9%85+%D9%84%D8%B7%D8%A8+%D9%88%D8%AC%D8%B1%D8%A7%D8%AD%D8%A9+%D8%A7%D9%84%D8%B9%D9%8A%D9%88%D9%86%E2%80%AD/data=!4m7!3m6!1s0x14584151eab30e23:0x9cdf968ed45da6ad!8m2!3d30.0475!4d31.2464!16s%2Fg%2F11csqf69s3!19sChIJIw6z6lFBWBQRraZd1I6W35w?authuser=0&hl=ar&rclk=1,4.6,135.0,012 05566002
عيادة أ.د أشرف أبوالفتوح لجراحة التجميل,"Elite Medical tower, 2 زهراء المعادي",عيادة طبية,https://www.google.com/maps/place/%D8%B9%D9%8A%D8%A7%D8%AF%D8%A9+%D8%A3.%D8%AF+%D8%A3%D8%B4%D8%B1%D9%81+%D8%A3%D8%A8%D9%88%D8%A7%D9%84%D9%81%D8%AA%D9%88%D8%AD+%D9%84%D8%AC%D8%B1%D8%A7%D8%AD%D8%A9+%D8%A7%D9%84%D8%AA%D8%AC%D9%85%D9%8A%D9%84%E2%80%AD/data=!4m7!3m6!1s0x145838118fd411d3:0x3f2c53e2de2684f8!8m2!3d29.9612649!4d31.2888848!16s%2Fg%2F1pyd1z449!19sChIJ0xHUjxE4WBQR-IQm3uJTLD8?authuser=0&hl=ar&rclk=1,https://www.google.com/maps/place/%D8%B9%D9%8A%D8%A7%D8%AF%D8%A9+%D8%A3.%D8%AF+%D8%A3%D8%B4%D8%B1%D9%81+%D8%A3%D8%A8%D9%88%D8%A7%D9%84%D9%81%D8%AA%D9%88%D8%AD+%D9%84%D8%AC%D8%B1%D8%A7%D8%AD%D8%A9+%D8%A7%D9%84%D8%AA%D8%AC%D9%85%D9%8A%D9%84%E2%80%AD/data=!4m7!3m6!1s0x145838118fd411d3:0x3f2c53e2de2684f8!8m2!3d29.9612649!4d31.2888848!16s%2Fg%2F1pyd1z449!19sChIJ0xHUjxE4WBQR-IQm3uJTLD8?authuser=0&hl=ar&rclk=1,4.9,237.0,012 81228352
Prof Dr. Mohamed Mahmoud Ahmed Dental clinic - New Cairo. الأستاذ الدكتور محمد محمود أحمد,"Behind Air Force Hospital, Clinic 106 Cairo Medical Center CMC, التسعين الشمالي",طبيب تجميل أسنان,https://www.google.com/maps/place/Prof+Dr.+Mohamed+Mahmoud+Ahmed+Dental+clinic+-+New+Cairo.+%D8%A7%D9%84%D8%A3%D8%B3%D8%AA%D8%A7%D8%B0+%D8%A7%D9%84%D8%AF%D9%83%D8%AA%D9%88%D8%B1+%D9%85%D8%AD%D9%85%D8%AF+%D9%85%D8%AD%D9%85%D9%88%D8%AF+%D8%A3%D8%AD%D9%85%D8%AF%E2%80%AD/data=!4m7!3m6!1s0x14583da616cac911:0x138ae26e19d83eda!8m2!3d30.0207827!4d31.4342118!16s%2Fg%2F11sn3s6d47!19sChIJEcnKFqY9WBQR2j7YGW7iihM?authuser=0&hl=ar&rclk=1,https://www.google.com/maps/place/Prof+Dr.+Mohamed+Mahmoud+Ahmed+Dental+clinic+-+New+Cairo.+%D8%A7%D9%84%D8%A3%D8%B3%D8%AA%D8%A7%D8%B0+%D8%A7%D9%84%D8%AF%D9%83%D8%AA%D9%88%D8%B1+%D9%85%D8%AD%D9%85%D8%AF+%D9%85%D8%AD%D9%85%D9%88%D8%AF+%D8%A3%D8%AD%D9%85%D8%AF%E2%80%AD/data=!4m7!3m6!1s0x14583da616cac911:0x138ae26e19d83eda!8m2!3d30.0207827!4d31.4342118!16s%2Fg%2F11sn3s6d47!19sChIJEcnKFqY9WBQR2j7YGW7iihM?authuser=0&hl=ar&rclk=1,4.9,246.0,010 12427447
Barsoum Dental Clinic,"Intersection of 26 July Street With Emad El-Deen, Downtown Cairo, 7 26 July St",عِيادة أسنان,https://www.google.com/maps/place/Barsoum+Dental+Clinic/data=!4m7!3m6!1s0x145840e0fd3394a3:0xd65f2e25eaeeff90!8m2!3d30.052678!4d31.244583!16s%2Fg%2F1tr6chgz!19sChIJo5Qz_eBAWBQRkP_u6iUuX9Y?authuser=0&hl=ar&rclk=1,https://www.google.com/maps/place/Barsoum+Dental+Clinic/data=!4m7!3m6!1s0x145840e0fd3394a3:0xd65f2e25eaeeff90!8m2!3d30.052678!4d31.244583!16s%2Fg%2F1tr6chgz!19sChIJo5Qz_eBAWBQRkP_u6iUuX9Y?authuser=0&hl=ar&rclk=1,4.6,73.0,012 21010257
Moawad Skin Institute (MSI) - Best Cosmetic Surgery in Egypt,3 Talaat Harb Square,عيادة جراحة التجميل,https://www.google.com/maps/place/Moawad+Skin+Institute+%28MSI%29+-+Best+Cosmetic+Surgery+in+Egypt/data=!4m7!3m6!1s0x145840c7442b928f:0x73efe6498c762fa3!8m2!3d30.0472493!4d31.2386183!16s%2Fg%2F1tj2qn5f!19sChIJj5IrRMdAWBQRoy92jEnm73M?authuser=0&hl=ar&rclk=1,https://www.google.com/maps/place/Moawad+Skin+Institute+%28MSI%29+-+Best+Cosmetic+Surgery+in+Egypt/data=!4m7!3m6!1s0x145840c7442b928f:0x73efe6498c762fa3!8m2!3d30.0472493!4d31.2386183!16s%2Fg%2F1tj2qn5f!19sChIJj5IrRMdAWBQRoy92jEnm73M?authuser=0&hl=ar&rclk=1,4.7,25.0,02 23901616
Doctor Online,010 96906515,عيادة طبية,https://www.google.com/maps/place/Doctor+Online/data=!4m7!3m6!1s0x145841d0849f8809:0x9de8d8927efd3f1f!8m2!3d30.0702528!4d31.2217517!16s%2Fg%2F11qfw2b6tf!19sChIJCYifhNBBWBQRHz_9fpLY6J0?authuser=0&hl=ar&rclk=1,https://www.google.com/maps/place/Doctor+Online/data=!4m7!3m6!1s0x145841d0849f8809:0x9de8d8927efd3f1f!8m2!3d30.0702528!4d31.2217517!16s%2Fg%2F11qfw2b6tf!19sChIJCYifhNBBWBQRHz_9fpLY6J0?authuser=0&hl=ar&rclk=1,5.0,2.0,010 96906515
عيادة الاستشاريين التخصصية بالرحاب,02 26922291,طبيب باطنه,https://www.google.com/maps/place/%D8%B9%D9%8A%D8%A7%D8%AF%D8%A9+%D8%A7%D9%84%D8%A7%D8%B3%D8%AA%D8%B4%D8%A7%D8%B1%D9%8A%D9%8A%D9%86+%D8%A7%D9%84%D8%AA%D8%AE%D8%B5%D8%B5%D9%8A%D8%A9+%D8%A8%D8%A7%D9%84%D8%B1%D8%AD%D8%A7%D8%A8%E2%80%AD/data=!4m7!3m6!1s0x145823c7353cba85:0x72556d197217a7ac!8m2!3d30.0597617!4d31.4920565!16s%2Fg%2F11fd7956h5!19sChIJhbo8NccjWBQRrKcXchltVXI?authuser=0&hl=ar&rclk=1,https://www.google.com/maps/place/%D8%B9%D9%8A%D8%A7%D8%AF%D8%A9+%D8%A7%D9%84%D8%A7%D8%B3%D8%AA%D8%B4%D8%A7%D8%B1%D9%8A%D9%8A%D9%86+%D8%A7%D9%84%D8%AA%D8%AE%D8%B5%D8%B5%D9%8A%D8%A9+%D8%A8%D8%A7%D9%84%D8%B1%D8%AD%D8%A7%D8%A8%E2%80%AD/data=!4m7!3m6!1s0x145823c7353cba85:0x72556d197217a7ac!8m2!3d30.0597617!4d31.4920565!16s%2Fg%2F11fd7956h5!19sChIJhbo8NccjWBQRrKcXchltVXI?authuser=0&hl=ar&rclk=1,3.7,6.0,02 26922291
Sennaty dental clinics,011 00091281,عِيادة أسنان,https://www.google.com/maps/place/Sennaty+dental+clinics/data=!4m7!3m6!1s0x145840e0e2608523:0x584927fa1346d2c7!8m2!3d30.0651807!4d31.2166491!16s%2Fg%2F11f2wmkxqh!19sChIJI4Vg4uBAWBQRx9JGE_onSVg?authuser=0&hl=ar&rclk=1,https://www.google.com/maps/place/Sennaty+dental+clinics/data=!4m7!3m6!1s0x145840e0e2608523:0x584927fa1346d2c7!8m2!3d30.0651807!4d31.2166491!16s%2Fg%2F11f2wmkxqh!19sChIJI4Vg4uBAWBQRx9JGE_onSVg?authuser=0&hl=ar&rclk=1,4.7,88.0,011 00091281
Dr.Fouda Dental Care - مركز فودة لطب الأسنان,010 22442233,عِيادة أسنان,https://www.google.com/maps/place/Dr.Fouda+Dental+Care+-+%D9%85%D8%B1%D9%83%D8%B2+%D9%81%D9%88%D8%AF%D8%A9+%D9%84%D8%B7%D8%A8+%D8%A7%D9%84%D8%A3%D8%B3%D9%86%D8%A7%D9%86%E2%80%AD/data=!4m7!3m6!1s0x14583f0a16808dad:0x31517524314a493!8m2!3d30.0912151!4d31.3242806!16s%2Fg%2F11pcl0q2nl!19sChIJrY2AFgo_WBQRk6QUQ1IXFQM?authuser=0&hl=ar&rclk=1,https://www.google.com/maps/place/Dr.Fouda+Dental+Care+-+%D9%85%D8%B1%D9%83%D8%B2+%D9%81%D9%88%D8%AF%D8%A9+%D9%84%D8%B7%D8%A8+%D8%A7%D9%84%D8%A3%D8%B3%D9%86%D8%A7%D9%86%E2%80%AD/data=!4m7!3m6!1s0x14583f0a16808dad:0x31517524314a493!8m2!3d30.0912151!4d31.3242806!16s%2Fg%2F11pcl0q2nl!19sChIJrY2AFgo_WBQRk6QUQ1IXFQM?authuser=0&hl=ar&rclk=1,5.0,22.0,010 22442233
A Clinics,010 30101585,عِيادة أسنان,https://www.google.com/maps/place/A+Clinics/data=!4m7!3m6!1s0x14583ffa9cb08d31:0xd81a307f1f943ac9!8m2!3d30.0875564!4d31.3463059!16s%2Fg%2F11jgdhr5h_!19sChIJMY2wnPo_WBQRyTqUH38wGtg?authuser=0&hl=ar&rclk=1,https://www.google.com/maps/place/A+Clinics/data=!4m7!3m6!1s0x14583ffa9cb08d31:0xd81a307f1f943ac9!8m2!3d30.0875564!4d31.3463059!16s%2Fg%2F11jgdhr5h_!19sChIJMY2wnPo_WBQRyTqUH38wGtg?authuser=0&hl=ar&rclk=1,4.7,43.0,010 30101585
Spectra Cure Clinic,"Clinic 403, Cairo Business Plaza, North Teseen Street, Fifth Settlement, North Building",عيادة طبية,https://www.google.com/maps/place/Spectra+Cure+Clinic/data=!4m7!3m6!1s0x145823ee2f1a5be1:0xf53fb4d22af82f8e!8m2!3d30.0279485!4d31.487569!16s%2Fg%2F11y46fnmnl!19sChIJ4VsaL-4jWBQRji_4KtK0P_U?authuser=0&hl=ar&rclk=1,https://www.google.com/maps/place/Spectra+Cure+Clinic/data=!4m7!3m6!1s0x145823ee2f1a5be1:0xf53fb4d22af82f8e!8m2!3d30.0279485!4d31.487569!16s%2Fg%2F11y46fnmnl!19sChIJ4VsaL-4jWBQRji_4KtK0P_U?authuser=0&hl=ar&rclk=1,5.0,16.0,010 15808250
Nouvel Age Aesthetic Clinic Cairo Festival City Mall - عيادات نوفيلاج للتجميل كايرو فستيفال سيتى مول,"Mall Shop, No.1-08",عيادة للعناية بالبشرة,https://www.google.com/maps/place/Nouvel+Age+Aesthetic+Clinic+Cairo+Festival+City+Mall+-+%D8%B9%D9%8A%D8%A7%D8%AF%D8%A7%D8%AA+%D9%86%D9%88%D9%81%D9%8A%D9%84%D8%A7%D8%AC+%D9%84%D9%84%D8%AA%D8%AC%D9%85%D9%8A%D9%84+%D9%83%D8%A7%D9%8A%D8%B1%D9%88+%D9%81%D8%B3%D8%AA%D9%8A%D9%81%D8%A7%D9%84+%D8%B3%D9%8A%D8%AA%D9%89+%D9%85%D9%88%D9%84%E2%80%AD/data=!4m7!3m6!1s0x14583d2c7f215313:0xa1d99a6b1c837575!8m2!3d30.0292823!4d31.4075928!16s%2Fg%2F11qg4mcdfj!19sChIJE1Mhfyw9WBQRdXWDHGua2aE?authuser=0&hl=ar&rclk=1,https://www.google.com/maps/place/Nouvel+Age+Aesthetic+Clinic+Cairo+Festival+City+Mall+-+%D8%B9%D9%8A%D8%A7%D8%AF%D8%A7%D8%AA+%D9%86%D9%88%D9%81%D9%8A%D9%84%D8%A7%D8%AC+%D9%84%D9%84%D8%AA%D8%AC%D9%85%D9%8A%D9%84+%D9%83%D8%A7%D9%8A%D8%B1%D9%88+%D9%81%D8%B3%D8%AA%D9%8A%D9%81%D8%A7%D9%84+%D8%B3%D9%8A%D8%AA%D9%89+%D9%85%D9%88%D9%84%E2%80%AD/data=!4m7!3m6!1s0x14583d2c7f215313:0xa1d99a6b1c837575!8m2!3d30.0292823!4d31.4075928!16s%2Fg%2F11qg4mcdfj!19sChIJE1Mhfyw9WBQRdXWDHGua2aE?authuser=0&hl=ar&rclk=1,4.8,359.0,010 00323176
دكتور محمد ماهر,"Al Manial, 97",طبيب نسائي,https://www.google.com/maps/place/%D8%AF%D9%83%D8%AA%D9%88%D8%B1+%D9%85%D8%AD%D9%85%D8%AF+%D9%85%D8%A7%D9%87%D8%B1%E2%80%AD/data=!4m7!3m6!1s0x145847e33c9b80bf:0x9544f9bce9745642!8m2!3d30.0240728!4d31.226132!16s%2Fg%2F11hdfs46bg!19sChIJv4CbPONHWBQRQlZ06bz5RJU?authuser=0&hl=ar&rclk=1,https://www.google.com/maps/place/%D8%AF%D9%83%D8%AA%D9%88%D8%B1+%D9%85%D8%AD%D9%85%D8%AF+%D9%85%D8%A7%D9%87%D8%B1%E2%80%AD/data=!4m7!3m6!1s0x145847e33c9b80bf:0x9544f9bce9745642!8m2!3d30.0240728!4d31.226132!16s%2Fg%2F11hdfs46bg!19sChIJv4CbPONHWBQRQlZ06bz5RJU?authuser=0&hl=ar&rclk=1,4.9,221.0,010 11245500
Cairo Plastic Clinic,012 21119853,عيادة جراحة التجميل,https://www.google.com/maps/place/Cairo+Plastic+Clinic/data=!4m7!3m6!1s0x145846d350547531:0xf264efecdf546e7b!8m2!3d30.0395425!4d31.2107873!16s%2Fg%2F1yf_9m9j9!19sChIJMXVUUNNGWBQRe25U3-zvZPI?authuser=0&hl=ar&rclk=1,https://www.google.com/maps/place/Cairo+Plastic+Clinic/data=!4m7!3m6!1s0x145846d350547531:0xf264efecdf546e7b!8m2!3d30.0395425!4d31.2107873!16s%2Fg%2F1yf_9m9j9!19sChIJMXVUUNNGWBQRe25U3-zvZPI?authuser=0&hl=ar&rclk=1,4.6,108.0,012 21119853
Dr. Israa Dental Center - Mivida new cairo,Mivida Business Park,عِيادة أسنان,https://www.google.com/maps/place/Dr.+Israa+Dental+Center+-+Mivida+new+cairo/data=!4m7!3m6!1s0x145823bae0d1c85f:0x24ed558f4eb7c5cf!8m2!3d30.0015899!4d31.5329231!16s%2Fg%2F11lw38b800!19sChIJX8jR4LojWBQRz8W3To9V7SQ?authuser=0&hl=ar&rclk=1,https://www.google.com/maps/place/Dr.+Israa+Dental+Center+-+Mivida+new+cairo/data=!4m7!3m6!1s0x145823bae0d1c85f:0x24ed558f4eb7c5cf!8m2!3d30.0015899!4d31.5329231!16s%2Fg%2F11lw38b800!19sChIJX8jR4LojWBQRz8W3To9V7SQ?authuser=0&hl=ar&rclk=1,5.0,10.0,012 00502444
Best Life Clinic,011 19255539,ممارس عام,https://www.google.com/maps/place/Best+Life+Clinic/data=!4m7!3m6!1s0x14583f027d560765:0xb999c3686123d287!8m2!3d30.0827736!4d31.2819697!16s%2Fg%2F11krxbtgfw!19sChIJZQdWfQI_WBQRh9IjYWjDmbk?authuser=0&hl=ar&rclk=1,https://www.google.com/maps/place/Best+Life+Clinic/data=!4m7!3m6!1s0x14583f027d560765:0xb999c3686123d287!8m2!3d30.0827736!4d31.2819697!16s%2Fg%2F11krxbtgfw!19sChIJZQdWfQI_WBQRh9IjYWjDmbk?authuser=0&hl=ar&rclk=1,5.0,1.0,011 19255539
Oasis Clinics,010 02665999,عيادة طبية,https://www.google.com/maps/place/Oasis+Clinics/data=!4m7!3m6!1s0x145825dfb43a8651:0xa6692c517874a2b9!8m2!3d29.952789!4d31.4494211!16s%2Fg%2F11kpn9nfhj!19sChIJUYY6tN8lWBQRuaJ0eFEsaaY?authuser=0&hl=ar&rclk=1,https://www.google.com/maps/place/Oasis+Clinics/data=!4m7!3m6!1s0x145825dfb43a8651:0xa6692c517874a2b9!8m2!3d29.952789!4d31.4494211!16s%2Fg%2F11kpn9nfhj!19sChIJUYY6tN8lWBQRuaJ0eFEsaaY?authuser=0&hl=ar&rclk=1,4.8,21.0,010 02665999
Cairo Weight Clinic,010 05555140,عيادة طبية,https://www.google.com/maps/place/Cairo+Weight+Clinic/data=!4m7!3m6!1s0x145841903e7e8a59:0x33a3232c08ea36d0!8m2!3d30.0554828!4d31.204457!16s%2Fg%2F11n05rdy38!19sChIJWYp-PpBBWBQR0DbqCCwjozM?authuser=0&hl=ar&rclk=1,https://www.google.com/maps/place/Cairo+Weight+Clinic/data=!4m7!3m6!1s0x145841903e7e8a59:0x33a3232c08ea36d0!8m2!3d30.0554828!4d31.204457!16s%2Fg%2F11n05rdy38!19sChIJWYp-PpBBWBQR0DbqCCwjozM?authuser=0&hl=ar&rclk=1,5.0,1.0,010 05555140
e Concept Aesthetics,"United medical center, New Cairo 1, Cairo Governorate 4731201",عيادة طبية,https://www.google.com/maps/place/e+Concept+Aesthetics/data=!4m7!3m6!1s0x14583df42cf52ae3:0x4d9a48dfdff60ab3!8m2!3d30.029483!4d31.4282674!16s%2Fg%2F11v51d7mpn!19sChIJ4yr1LPQ9WBQRswr2399Imk0?authuser=0&hl=ar&rclk=1,https://www.google.com/maps/place/e+Concept+Aesthetics/data=!4m7!3m6!1s0x14583df42cf52ae3:0x4d9a48dfdff60ab3!8m2!3d30.029483!4d31.4282674!16s%2Fg%2F11v51d7mpn!19sChIJ4yr1LPQ9WBQRswr2399Imk0?authuser=0&hl=ar&rclk=1,5.0,17.0,011 10555436
Dr.Mohamed Ihab - Royal Wellness Clinics,010 67233233,عِيادة أسنان,https://www.google.com/maps/place/Dr.Mohamed+Ihab+-+Royal+Wellness+Clinics/data=!4m7!3m6!1s0x14583900c725fccb:0xef5b972d8b4b0096!8m2!3d30.0105312!4d31.3042391!16s%2Fg%2F11p5jb4ndt!19sChIJy_wlxwA5WBQRlgBLiy2XW-8?authuser=0&hl=ar&rclk=1,https://www.google.com/maps/place/Dr.Mohamed+Ihab+-+Royal+Wellness+Clinics/data=!4m7!3m6!1s0x14583900c725fccb:0xef5b972d8b4b0096!8m2!3d30.0105312!4d31.3042391!16s%2Fg%2F11p5jb4ndt!19sChIJy_wlxwA5WBQRlgBLiy2XW-8?authuser=0&hl=ar&rclk=1,4.6,35.0,010 67233233
دكتور ماجد رياض,011 28866552,عيادة طب الأنف والأذن والحنجرة,https://www.google.com/maps/place/%D8%AF%D9%83%D8%AA%D9%88%D8%B1+%D9%85%D8%A7%D8%AC%D8%AF+%D8%B1%D9%8A%D8%A7%D8%B6%E2%80%AD/data=!4m7!3m6!1s0x145815dbbb354137:0x9d26eeb569c2aa59!8m2!3d30.1149635!4d31.3463602!16s%2Fg%2F11cscc5hdc!19sChIJN0E1u9sVWBQRWarCabXuJp0?authuser=0&hl=ar&rclk=1,https://www.google.com/maps/place/%D8%AF%D9%83%D8%AA%D9%88%D8%B1+%D9%85%D8%A7%D8%AC%D8%AF+%D8%B1%D9%8A%D8%A7%D8%B6%E2%80%AD/data=!4m7!3m6!1s0x145815dbbb354137:0x9d26eeb569c2aa59!8m2!3d30.1149635!4d31.3463602!16s%2Fg%2F11cscc5hdc!19sChIJN0E1u9sVWBQRWarCabXuJp0?authuser=0&hl=ar&rclk=1,4.3,27.0,011 28866552
We Care Dental Clinic - New Cairo,012 81333210,عِيادة أسنان,https://www.google.com/maps/place/We+Care+Dental+Clinic+-+New+Cairo/data=!4m7!3m6!1s0x145822c33b8808f1:0xf70bebfbb8251ce2!8m2!3d30.0258854!4d31.4645514!16s%2Fg%2F11gfh07hgk!19sChIJ8QiIO8MiWBQR4hwluPvrC_c?authuser=0&hl=ar&rclk=1,https://www.google.com/maps/place/We+Care+Dental+Clinic+-+New+Cairo/data=!4m7!3m6!1s0x145822c33b8808f1:0xf70bebfbb8251ce2!8m2!3d30.0258854!4d31.4645514!16s%2Fg%2F11gfh07hgk!19sChIJ8QiIO8MiWBQR4hwluPvrC_c?authuser=0&hl=ar&rclk=1,4.4,116.0,012 81333210
Dental Care By Dr.Amr Saad (New Cairo Branch),"Al Rehab City gate 6 Next to, محور السادات",عِيادة أسنان,https://www.google.com/maps/place/Dental+Care+By+Dr.Amr+Saad+%28New+Cairo+Branch%29/data=!4m7!3m6!1s0x1458195df5f5d2c1:0x9af4f46f6d1393!8m2!3d30.05367!4d31.4921837!16s%2Fg%2F11t4dzp0zp!19sChIJwdL19V0ZWBQRkxNtb_T0mgA?authuser=0&hl=ar&rclk=1,https://www.google.com/maps/place/Dental+Care+By+Dr.Amr+Saad+%28New+Cairo+Branch%29/data=!4m7!3m6!1s0x1458195df5f5d2c1:0x9af4f46f6d1393!8m2!3d30.05367!4d31.4921837!16s%2Fg%2F11t4dzp0zp!19sChIJwdL19V0ZWBQRkxNtb_T0mgA?authuser=0&hl=ar&rclk=1,4.5,33.0,011 46540133
د. جاسر البشرى,02 24189088,عيادة طبية,https://www.google.com/maps/place/%D8%AF.+%D8%AC%D8%A7%D8%B3%D8%B1+%D8%A7%D9%84%D8%A8%D8%B4%D8%B1%D9%89%E2%80%AD/data=!4m7!3m6!1s0x14583e1cdb90d3a9:0x1926d990d55d0d42!8m2!3d30.0866005!4d31.3420384!16s%2Fg%2F1v2f2p6h!19sChIJqdOQ2xw-WBQRQg1d1ZDZJhk?authuser=0&hl=ar&rclk=1,https://www.google.com/maps/place/%D8%AF.+%D8%AC%D8%A7%D8%B3%D8%B1+%D8%A7%D9%84%D8%A8%D8%B4%D8%B1%D9%89%E2%80%AD/data=!4m7!3m6!1s0x14583e1cdb90d3a9:0x1926d990d55d0d42!8m2!3d30.0866005!4d31.3420384!16s%2Fg%2F1v2f2p6h!19sChIJqdOQ2xw-WBQRQg1d1ZDZJhk?authuser=0&hl=ar&rclk=1,4.8,40.0,02 24189088
Psych Clinics Cairo,011 18758886,طبيب أمراض عقلية,https://www.google.com/maps/place/Psych+Clinics+Cairo/data=!4m7!3m6!1s0x14583f562a612807:0x6bf24a199591a801!8m2!3d30.0672773!4d31.3231382!16s%2Fg%2F11fhz689f0!19sChIJByhhKlY_WBQRAaiRlRlK8ms?authuser=0&hl=ar&rclk=1,https://www.google.com/maps/place/Psych+Clinics+Cairo/data=!4m7!3m6!1s0x14583f562a612807:0x6bf24a199591a801!8m2!3d30.0672773!4d31.3231382!16s%2Fg%2F11fhz689f0!19sChIJByhhKlY_WBQRAaiRlRlK8ms?authuser=0&hl=ar&rclk=1,4.3,16.0,011 18758886
Cairo Neuropsychiatric Clinic أد. عمرو سليمان,3 el lokanda street in front of ettihadeya Palace,طبيب أمراض عقلية,https://www.google.com/maps/place/Cairo+Neuropsychiatric+Clinic+%D8%A3%D8%AF.+%D8%B9%D9%85%D8%B1%D9%88+%D8%B3%D9%84%D9%8A%D9%85%D8%A7%D9%86%E2%80%AD/data=!4m7!3m6!1s0x14583e051cd60ddf:0x4516929beaa780bf!8m2!3d30.090775!4d31.318982!16s%2Fg%2F11clyfmgd4!19sChIJ3w3WHAU-WBQRv4Cn6puSFkU?authuser=0&hl=ar&rclk=1,https://www.google.com/maps/place/Cairo+Neuropsychiatric+Clinic+%D8%A3%D8%AF.+%D8%B9%D9%85%D8%B1%D9%88+%D8%B3%D9%84%D9%8A%D9%85%D8%A7%D9%86%E2%80%AD/data=!4m7!3m6!1s0x14583e051cd60ddf:0x4516929beaa780bf!8m2!3d30.090775!4d31.318982!16s%2Fg%2F11clyfmgd4!19sChIJ3w3WHAU-WBQRv4Cn6puSFkU?authuser=0&hl=ar&rclk=1,3.0,2.0,011 14479198
Dr Mobasher dental clinic,"Dalia Derma Medical Park Elite, محور السادات",عِيادة أسنان,https://www.google.com/maps/place/Dr+Mobasher+dental+clinic/data=!4m7!3m6!1s0x145819e7bc3f3225:0xd39fdb8244e4ecda!8m2!3d30.05386!4d31.4919361!16s%2Fg%2F11mxhrtx6x!19sChIJJTI_vOcZWBQR2uzkRILbn9M?authuser=0&hl=ar&rclk=1,https://www.google.com/maps/place/Dr+Mobasher+dental+clinic/data=!4m7!3m6!1s0x145819e7bc3f3225:0xd39fdb8244e4ecda!8m2!3d30.05386!4d31.4919361!16s%2Fg%2F11mxhrtx6x!19sChIJJTI_vOcZWBQR2uzkRILbn9M?authuser=0&hl=ar&rclk=1,5.0,208.0,011 18555743
Dr. Wael Darwish,011 11889839,عِيادة أسنان,https://www.google.com/maps/place/Dr.+Wael+Darwish/data=!4m7!3m6!1s0x14583d412b03ba03:0x1ed92463ba5e365f!8m2!3d29.9967348!4d31.4155842!16s%2Fg%2F11q2414mfl!19sChIJA7oDK0E9WBQRXzZeumMk2R4?authuser=0&hl=ar&rclk=1,https://www.google.com/maps/place/Dr.+Wael+Darwish/data=!4m7!3m6!1s0x14583d412b03ba03:0x1ed92463ba5e365f!8m2!3d29.9967348!4d31.4155842!16s%2Fg%2F11q2414mfl!19sChIJA7oDK0E9WBQRXzZeumMk2R4?authuser=0&hl=ar&rclk=1,4.2,26.0,011 11889839
Nouvel Age Clinic New Cairo - عيادات نوفيلاج للتجميل القاهرة الجديدة,"Silver Star Mall, Ekhnatoon St., 2nd floor, Above Saudi Market",عيادة للعناية بالبشرة,https://www.google.com/maps/place/Nouvel+Age+Clinic%E2%80%8E+New+Cairo+-+%D8%B9%D9%8A%D8%A7%D8%AF%D8%A7%D8%AA+%D9%86%D9%88%D9%81%D9%8A%D9%84%D8%A7%D8%AC+%D9%84%D9%84%D8%AA%D8%AC%D9%85%D9%8A%D9%84+%D8%A7%D9%84%D9%82%D8%A7%D9%87%D8%B1%D8%A9+%D8%A7%D9%84%D8%AC%D8%AF%D9%8A%D8%AF%D8%A9%E2%80%AD/data=!4m7!3m6!1s0x14583d5a47bda523:0xcf4790640b090f28!8m2!3d30.003397!4d31.4212323!16s%2Fg%2F11fkf62p4_!19sChIJI6W9R1o9WBQRKA8JC2SQR88?authuser=0&hl=ar&rclk=1,https://www.google.com/maps/place/Nouvel+Age+Clinic%E2%80%8E+New+Cairo+-+%D8%B9%D9%8A%D8%A7%D8%AF%D8%A7%D8%AA+%D9%86%D9%88%D9%81%D9%8A%D9%84%D8%A7%D8%AC+%D9%84%D9%84%D8%AA%D8%AC%D9%85%D9%8A%D9%84+%D8%A7%D9%84%D9%82%D8%A7%D9%87%D8%B1%D8%A9+%D8%A7%D9%84%D8%AC%D8%AF%D9%8A%D8%AF%D8%A9%E2%80%AD/data=!4m7!3m6!1s0x14583d5a47bda523:0xcf4790640b090f28!8m2!3d30.003397!4d31.4212323!16s%2Fg%2F11fkf62p4_!19sChIJI6W9R1o9WBQRKA8JC2SQR88?authuser=0&hl=ar&rclk=1,4.7,46.0,010 00323176
Marvel Dental Clinic,"25 othman ibn affan, st. - Ismailia sq",عِيادة أسنان,https://www.google.com/maps/place/Marvel+Dental+Clinic/data=!4m7!3m6!1s0x145815f8ce72944b:0x65718c29ecf2e026!8m2!3d30.0953193!4d31.3316638!16s%2Fg%2F11j06z5dpy!19sChIJS5RyzvgVWBQRJuDy7CmMcWU?authuser=0&hl=ar&rclk=1,https://www.google.com/maps/place/Marvel+Dental+Clinic/data=!4m7!3m6!1s0x145815f8ce72944b:0x65718c29ecf2e026!8m2!3d30.0953193!4d31.3316638!16s%2Fg%2F11j06z5dpy!19sChIJS5RyzvgVWBQRJuDy7CmMcWU?authuser=0&hl=ar&rclk=1,4.9,186.0,011 01358881
"Holistic care clinics cairo Regenerative medicine ,cosmetic and cell therapy clinic",010 01423664,عيادة طبية,"https://www.google.com/maps/place/Holistic+care+clinics+cairo+Regenerative+medicine+,cosmetic+and+cell+therapy+clinic/data=!4m7!3m6!1s0x14584128f684c707:0x71863db697182381!8m2!3d30.0473957!4d31.2388248!16s%2Fg%2F11j7dlr54d!19sChIJB8eE9ihBWBQRgSMYl7Y9hnE?authuser=0&hl=ar&rclk=1","https://www.google.com/maps/place/Holistic+care+clinics+cairo+Regenerative+medicine+,cosmetic+and+cell+therapy+clinic/data=!4m7!3m6!1s0x14584128f684c707:0x71863db697182381!8m2!3d30.0473957!4d31.2388248!16s%2Fg%2F11j7dlr54d!19sChIJB8eE9ihBWBQRgSMYl7Y9hnE?authuser=0&hl=ar&rclk=1",,,010 01423664
Dalia Derma Medical Park Elite,Next to Gate 6,مركز طبي,https://www.google.com/maps/place/Dalia+Derma+Medical+Park+Elite/data=!4m7!3m6!1s0x145819856d106fa3:0x5ef2fbd856a330f2!8m2!3d30.0541114!4d31.4921493!16s%2Fg%2F11m852kc_2!19sChIJo28QbYUZWBQR8jCjVtj78l4?authuser=0&hl=ar&rclk=1,https://www.google.com/maps/place/Dalia+Derma+Medical+Park+Elite/data=!4m7!3m6!1s0x145819856d106fa3:0x5ef2fbd856a330f2!8m2!3d30.0541114!4d31.4921493!16s%2Fg%2F11m852kc_2!19sChIJo28QbYUZWBQR8jCjVtj78l4?authuser=0&hl=ar&rclk=1,4.6,72.0,011 00100025
د . ميشيل البير عبد الملك,010 21535796,عيادة علاج طبيعي,https://www.google.com/maps/place/%D8%AF+.+%D9%85%D9%8A%D8%B4%D9%8A%D9%84+%D8%A7%D9%84%D8%A8%D9%8A%D8%B1+%D8%B9%D8%A8%D8%AF+%D8%A7%D9%84%D9%85%D9%84%D9%83%E2%80%AD/data=!4m7!3m6!1s0x1458414456b94289:0xb5baa6cfff721ae!8m2!3d30.0085625!4d31.4571875!16s%2Fg%2F11fn0v183r!19sChIJiUK5VkRBWBQRriH3_2yqWws?authuser=0&hl=ar&rclk=1,https://www.google.com/maps/place/%D8%AF+.+%D9%85%D9%8A%D8%B4%D9%8A%D9%84+%D8%A7%D9%84%D8%A8%D9%8A%D8%B1+%D8%B9%D8%A8%D8%AF+%D8%A7%D9%84%D9%85%D9%84%D9%83%E2%80%AD/data=!4m7!3m6!1s0x1458414456b94289:0xb5baa6cfff721ae!8m2!3d30.0085625!4d31.4571875!16s%2Fg%2F11fn0v183r!19sChIJiUK5VkRBWBQRriH3_2yqWws?authuser=0&hl=ar&rclk=1,5.0,266.0,010 21535796
مركز القاهرة الطبى لجراحات التجميل والليزر,02 22663622,عيادة جراحة التجميل,https://www.google.com/maps/place/%D9%85%D8%B1%D9%83%D8%B2+%D8%A7%D9%84%D9%82%D8%A7%D9%87%D8%B1%D8%A9+%D8%A7%D9%84%D8%B7%D8%A8%D9%89+%D9%84%D8%AC%D8%B1%D8%A7%D8%AD%D8%A7%D8%AA+%D8%A7%D9%84%D8%AA%D8%AC%D9%85%D9%8A%D9%84+%D9%88%D8%A7%D9%84%D9%84%D9%8A%D8%B2%D8%B1%E2%80%AD/data=!4m7!3m6!1s0x1458166b5df81d15:0x86cfc7a60afc3769!8m2!3d30.1026667!4d31.3718577!16s%2Fg%2F1tfljqhg!19sChIJFR34XWsWWBQRaTf8CqbHz4Y?authuser=0&hl=ar&rclk=1,https://www.google.com/maps/place/%D9%85%D8%B1%D9%83%D8%B2+%D8%A7%D9%84%D9%82%D8%A7%D9%87%D8%B1%D8%A9+%D8%A7%D9%84%D8%B7%D8%A8%D9%89+%D9%84%D8%AC%D8%B1%D8%A7%D8%AD%D8%A7%D8%AA+%D8%A7%D9%84%D8%AA%D8%AC%D9%85%D9%8A%D9%84+%D9%88%D8%A7%D9%84%D9%84%D9%8A%D8%B2%D8%B1%E2%80%AD/data=!4m7!3m6!1s0x1458166b5df81d15:0x86cfc7a60afc3769!8m2!3d30.1026667!4d31.3718577!16s%2Fg%2F1tfljqhg!19sChIJFR34XWsWWBQRaTf8CqbHz4Y?authuser=0&hl=ar&rclk=1,4.9,203.0,02 22663622
Dr.Raouf Ramzy. Hope Dental Clinic,012 04078887,عِيادة أسنان,https://www.google.com/maps/place/Dr.Raouf+Ramzy.+Hope+Dental+Clinic/data=!4m7!3m6!1s0x145840e1bfc6612f:0x4df87c21543d74de!8m2!3d30.0625108!4d31.2185396!16s%2Fg%2F11c38g243p!19sChIJL2HGv-FAWBQR3nQ9VCF8-E0?authuser=0&hl=ar&rclk=1,https://www.google.com/maps/place/Dr.Raouf+Ramzy.+Hope+Dental+Clinic/data=!4m7!3m6!1s0x145840e1bfc6612f:0x4df87c21543d74de!8m2!3d30.0625108!4d31.2185396!16s%2Fg%2F11c38g243p!19sChIJL2HGv-FAWBQR3nQ9VCF8-E0?authuser=0&hl=ar&rclk=1,4.9,52.0,012 04078887
Foreigners Dental Clinic,"MEDICAL PARK ELITE, محور السادات",عِيادة أسنان,https://www.google.com/maps/place/Foreigners+Dental+Clinic/data=!4m7!3m6!1s0x14581949ade3c699:0x7b7ea87deaf34f94!8m2!3d30.0535753!4d31.4922779!16s%2Fg%2F11n_zmvr6y!19sChIJmcbjrUkZWBQRlE_z6n2ofns?authuser=0&hl=ar&rclk=1,https://www.google.com/maps/place/Foreigners+Dental+Clinic/data=!4m7!3m6!1s0x14581949ade3c699:0x7b7ea87deaf34f94!8m2!3d30.0535753!4d31.4922779!16s%2Fg%2F11n_zmvr6y!19sChIJmcbjrUkZWBQRlE_z6n2ofns?authuser=0&hl=ar&rclk=1,4.9,218.0,011 13072927
"Dr Khalil Eye Clinic, Eye of Cairo",02 37606985,مركز عناية بالعيون,"https://www.google.com/maps/place/Dr+Khalil+Eye+Clinic,+Eye+of+Cairo/data=!4m7!3m6!1s0x145846d37284c02f:0x441c82a7361aa384!8m2!3d30.0383731!4d31.2100276!16s%2Fg%2F1tdhwqd3!19sChIJL8CEctNGWBQRhKMaNqeCHEQ?authuser=0&hl=ar&rclk=1","https://www.google.com/maps/place/Dr+Khalil+Eye+Clinic,+Eye+of+Cairo/data=!4m7!3m6!1s0x145846d37284c02f:0x441c82a7361aa384!8m2!3d30.0383731!4d31.2100276!16s%2Fg%2F1tdhwqd3!19sChIJL8CEctNGWBQRhKMaNqeCHEQ?authuser=0&hl=ar&rclk=1",4.5,70.0,02 37606985
PrimeCare Dental Clinics,"Healthcare City Mall HCC, No. #310, 3rd Floor, 90th St",عِيادة أسنان,https://www.google.com/maps/place/PrimeCare+Dental+Clinics/data=!4m7!3m6!1s0x14583d57d38af805:0xa0fc301b56cc23fa!8m2!3d30.0197085!4d31.4357787!16s%2Fg%2F11rn71kgv5!19sChIJBfiK01c9WBQR-iPMVhsw_KA?authuser=0&hl=ar&rclk=1,https://www.google.com/maps/place/PrimeCare+Dental+Clinics/data=!4m7!3m6!1s0x14583d57d38af805:0xa0fc301b56cc23fa!8m2!3d30.0197085!4d31.4357787!16s%2Fg%2F11rn71kgv5!19sChIJBfiK01c9WBQR-iPMVhsw_KA?authuser=0&hl=ar&rclk=1,4.9,62.0,012 11113481
Nasaaem Clinics El-Rehab - عيادات نسائم الطبية الرحاب,"El-Rehab, The Yard mall, Gate 6",عيادة طبية,https://www.google.com/maps/place/Nasaaem+Clinics+El-Rehab+-+%D8%B9%D9%8A%D8%A7%D8%AF%D8%A7%D8%AA+%D9%86%D8%B3%D8%A7%D8%A6%D9%85+%D8%A7%D9%84%D8%B7%D8%A8%D9%8A%D8%A9+%D8%A7%D9%84%D8%B1%D8%AD%D8%A7%D8%A8%E2%80%AD/data=!4m7!3m6!1s0x145819f3bd6178b9:0xde34ce0259cb6a62!8m2!3d30.0537072!4d31.4917787!16s%2Fg%2F11pv66nqp2!19sChIJuXhhvfMZWBQRYmrLWQLONN4?authuser=0&hl=ar&rclk=1,https://www.google.com/maps/place/Nasaaem+Clinics+El-Rehab+-+%D8%B9%D9%8A%D8%A7%D8%AF%D8%A7%D8%AA+%D9%86%D8%B3%D8%A7%D8%A6%D9%85+%D8%A7%D9%84%D8%B7%D8%A8%D9%8A%D8%A9+%D8%A7%D9%84%D8%B1%D8%AD%D8%A7%D8%A8%E2%80%AD/data=!4m7!3m6!1s0x145819f3bd6178b9:0xde34ce0259cb6a62!8m2!3d30.0537072!4d31.4917787!16s%2Fg%2F11pv66nqp2!19sChIJuXhhvfMZWBQRYmrLWQLONN4?authuser=0&hl=ar&rclk=1,4.6,186.0,010 50277177
د. رانيا محمد منير,010 10829900,طبيب أمراض جلدية,https://www.google.com/maps/place/%D8%AF.+%D8%B1%D8%A7%D9%86%D9%8A%D8%A7+%D9%85%D8%AD%D9%85%D8%AF+%D9%85%D9%86%D9%8A%D8%B1%E2%80%AD/data=!4m7!3m6!1s0x145847ed5729c7ff:0x4d8460330e08abeb!8m2!3d29.960541!4d31.254131!16s%2Fg%2F1tkp1zpb!19sChIJ_8cpV-1HWBQR66sIDjNghE0?authuser=0&hl=ar&rclk=1,https://www.google.com/maps/place/%D8%AF.+%D8%B1%D8%A7%D9%86%D9%8A%D8%A7+%D9%85%D8%AD%D9%85%D8%AF+%D9%85%D9%86%D9%8A%D8%B1%E2%80%AD/data=!4m7!3m6!1s0x145847ed5729c7ff:0x4d8460330e08abeb!8m2!3d29.960541!4d31.254131!16s%2Fg%2F1tkp1zpb!19sChIJ_8cpV-1HWBQR66sIDjNghE0?authuser=0&hl=ar&rclk=1,4.7,45.0,010 10829900
AL Fawzy Dental,011 10100027,عِيادة أسنان,https://www.google.com/maps/place/AL+Fawzy+Dental/data=!4m7!3m6!1s0x145840c636d36c43:0x3d95f0a2f2e4eb18!8m2!3d30.0405434!4d31.2196142!16s%2Fg%2F11b5pjns_1!19sChIJQ2zTNsZAWBQRGOvk8qLwlT0?authuser=0&hl=ar&rclk=1,https://www.google.com/maps/place/AL+Fawzy+Dental/data=!4m7!3m6!1s0x145840c636d36c43:0x3d95f0a2f2e4eb18!8m2!3d30.0405434!4d31.2196142!16s%2Fg%2F11b5pjns_1!19sChIJQ2zTNsZAWBQRGOvk8qLwlT0?authuser=0&hl=ar&rclk=1,4.8,963.0,011 10100027
Glowy Dental Clinic - Dr.Abdulrahman Bahnasy,015 55166090,عِيادة أسنان,https://www.google.com/maps/place/Glowy+Dental+Clinic+-+Dr.Abdulrahman+Bahnasy/data=!4m7!3m6!1s0x14583f3dd820c7b9:0x574b57fe3196bd06!8m2!3d30.0639355!4d31.3371744!16s%2Fg%2F11spqjwggl!19sChIJuccg2D0_WBQRBr2WMf5XS1c?authuser=0&hl=ar&rclk=1,https://www.google.com/maps/place/Glowy+Dental+Clinic+-+Dr.Abdulrahman+Bahnasy/data=!4m7!3m6!1s0x14583f3dd820c7b9:0x574b57fe3196bd06!8m2!3d30.0639355!4d31.3371744!16s%2Fg%2F11spqjwggl!19sChIJuccg2D0_WBQRBr2WMf5XS1c?authuser=0&hl=ar&rclk=1,5.0,48.0,015 55166090
دكتور طارق عشماوي,6 El Gehad Street,عيادة طب الأنف والأذن والحنجرة,https://www.google.com/maps/place/%D8%AF%D9%83%D8%AA%D9%88%D8%B1+%D8%B7%D8%A7%D8%B1%D9%82+%D8%B9%D8%B4%D9%85%D8%A7%D9%88%D9%8A%E2%80%AD/data=!4m7!3m6!1s0x14583fd61cfb83e1:0x1e75330146f28d2d!8m2!3d30.0604731!4d31.3280873!16s%2Fg%2F11ny0vzhcs!19sChIJ4YP7HNY_WBQRLY3yRgEzdR4?authuser=0&hl=ar&rclk=1,https://www.google.com/maps/place/%D8%AF%D9%83%D8%AA%D9%88%D8%B1+%D8%B7%D8%A7%D8%B1%D9%82+%D8%B9%D8%B4%D9%85%D8%A7%D9%88%D9%8A%E2%80%AD/data=!4m7!3m6!1s0x14583fd61cfb83e1:0x1e75330146f28d2d!8m2!3d30.0604731!4d31.3280873!16s%2Fg%2F11ny0vzhcs!19sChIJ4YP7HNY_WBQRLY3yRgEzdR4?authuser=0&hl=ar&rclk=1,4.8,135.0,011 00782803
كلية طب القصر العينى جامعة القاهرة,02 23641088,كلية الطب,https://www.google.com/maps/place/%D9%83%D9%84%D9%8A%D8%A9+%D8%B7%D8%A8+%D8%A7%D9%84%D9%82%D8%B5%D8%B1+%D8%A7%D9%84%D8%B9%D9%8A%D9%86%D9%89+%D8%AC%D8%A7%D9%85%D8%B9%D8%A9+%D8%A7%D9%84%D9%82%D8%A7%D9%87%D8%B1%D8%A9%E2%80%AD/data=!4m7!3m6!1s0x14584733526d3691:0xe0363010a95c832b!8m2!3d30.0302346!4d31.2280283!16s%2Fg%2F1tczmnq7!19sChIJkTZtUjNHWBQRK4NcqRAwNuA?authuser=0&hl=ar&rclk=1,https://www.google.com/maps/place/%D9%83%D9%84%D9%8A%D8%A9+%D8%B7%D8%A8+%D8%A7%D9%84%D9%82%D8%B5%D8%B1+%D8%A7%D9%84%D8%B9%D9%8A%D9%86%D9%89+%D8%AC%D8%A7%D9%85%D8%B9%D8%A9+%D8%A7%D9%84%D9%82%D8%A7%D9%87%D8%B1%D8%A9%E2%80%AD/data=!4m7!3m6!1s0x14584733526d3691:0xe0363010a95c832b!8m2!3d30.0302346!4d31.2280283!16s%2Fg%2F1tczmnq7!19sChIJkTZtUjNHWBQRK4NcqRAwNuA?authuser=0&hl=ar&rclk=1,4.2,479.0,02 23641088
Dr. Omar ElDidi - The Dentist Clinics,010 17555505,عِيادة أسنان,https://www.google.com/maps/place/Dr.+Omar+ElDidi+-+The+Dentist+Clinics/data=!4m7!3m6!1s0x14583ddba3f87e89:0x3df166250b300331!8m2!3d30.0553591!4d31.3621334!16s%2Fg%2F11cs5p0ywh!19sChIJiX74o9s9WBQRMQMwCyVm8T0?authuser=0&hl=ar&rclk=1,https://www.google.com/maps/place/Dr.+Omar+ElDidi+-+The+Dentist+Clinics/data=!4m7!3m6!1s0x14583ddba3f87e89:0x3df166250b300331!8m2!3d30.0553591!4d31.3621334!16s%2Fg%2F11cs5p0ywh!19sChIJiX74o9s9WBQRMQMwCyVm8T0?authuser=0&hl=ar&rclk=1,4.8,199.0,010 17555505
Saint Mary Clinc New Cairo,010 19245530,عيادة للعناية بالبشرة,https://www.google.com/maps/place/Saint+Mary+Clinc+New+Cairo/data=!4m7!3m6!1s0x14583d44c133488f:0xeac2f7110673209a!8m2!3d30.0538057!4d31.430145!16s%2Fg%2F11cncdjtys!19sChIJj0gzwUQ9WBQRmiBzBhH3wuo?authuser=0&hl=ar&rclk=1,https://www.google.com/maps/place/Saint+Mary+Clinc+New+Cairo/data=!4m7!3m6!1s0x14583d44c133488f:0xeac2f7110673209a!8m2!3d30.0538057!4d31.430145!16s%2Fg%2F11cncdjtys!19sChIJj0gzwUQ9WBQRmiBzBhH3wuo?authuser=0&hl=ar&rclk=1,3.8,11.0,010 19245530
Dental Care Egypt - Dr. Tamer Badr,010 70019109,عِيادة أسنان,https://www.google.com/maps/place/Dental+Care+Egypt+-+Dr.+Tamer+Badr/data=!4m7!3m6!1s0x14582342ce2d0665:0x6ddc5f6640f0e433!8m2!3d30.0462704!4d31.485416!16s%2Fg%2F11kbsgwf1w!19sChIJZQYtzkIjWBQRM-TwQGZf3G0?authuser=0&hl=ar&rclk=1,https://www.google.com/maps/place/Dental+Care+Egypt+-+Dr.+Tamer+Badr/data=!4m7!3m6!1s0x14582342ce2d0665:0x6ddc5f6640f0e433!8m2!3d30.0462704!4d31.485416!16s%2Fg%2F11kbsgwf1w!19sChIJZQYtzkIjWBQRM-TwQGZf3G0?authuser=0&hl=ar&rclk=1,4.9,132.0,010 70019109
YOU Skin & Laser Clinic | Dr. Rasha Hamed,011 11150517,عيادة طبية,https://www.google.com/maps/place/YOU+Skin+%26+Laser+Clinic+%7C+Dr.+Rasha+Hamed/data=!4m7!3m6!1s0x14583da7827ce039:0xf21fa4f7abb7c1a0!8m2!3d30.0213097!4d31.4347757!16s%2Fg%2F11g4c65ky0!19sChIJOeB8gqc9WBQRoMG3q_ekH_I?authuser=0&hl=ar&rclk=1,https://www.google.com/maps/place/YOU+Skin+%26+Laser+Clinic+%7C+Dr.+Rasha+Hamed/data=!4m7!3m6!1s0x14583da7827ce039:0xf21fa4f7abb7c1a0!8m2!3d30.0213097!4d31.4347757!16s%2Fg%2F11g4c65ky0!19sChIJOeB8gqc9WBQRoMG3q_ekH_I?authuser=0&hl=ar&rclk=1,4.7,191.0,011 11150517
The Whitening House Dental Clinic,United Medical Center,عِيادة أسنان,https://www.google.com/maps/place/The+Whitening+House+Dental+Clinic/data=!4m7!3m6!1s0x14583d1ebea62dfd:0xa809c6a17bc722d!8m2!3d30.029607!4d31.4284197!16s%2Fg%2F11s8y5p8rq!19sChIJ_S2mvh49WBQRLXK8F2qcgAo?authuser=0&hl=ar&rclk=1,https://www.google.com/maps/place/The+Whitening+House+Dental+Clinic/data=!4m7!3m6!1s0x14583d1ebea62dfd:0xa809c6a17bc722d!8m2!3d30.029607!4d31.4284197!16s%2Fg%2F11s8y5p8rq!19sChIJ_S2mvh49WBQRLXK8F2qcgAo?authuser=0&hl=ar&rclk=1,4.9,95.0,012 81141234
Helio Dental Clinics,011 50044446,عِيادة أسنان,https://www.google.com/maps/place/Helio+Dental+Clinics/data=!4m7!3m6!1s0x14583fce55b8d4b5:0x53a40610eac8abb4!8m2!3d30.0868816!4d31.3001117!16s%2Fg%2F1hdzklw4g!19sChIJtdS4Vc4_WBQRtKvI6hAGpFM?authuser=0&hl=ar&rclk=1,https://www.google.com/maps/place/Helio+Dental+Clinics/data=!4m7!3m6!1s0x14583fce55b8d4b5:0x53a40610eac8abb4!8m2!3d30.0868816!4d31.3001117!16s%2Fg%2F1hdzklw4g!19sChIJtdS4Vc4_WBQRtKvI6hAGpFM?authuser=0&hl=ar&rclk=1,4.5,49.0,011 50044446
Dento plus Clinics,010 00378008,عِيادة أسنان,https://www.google.com/maps/place/Dento+plus+Clinics/data=!4m7!3m6!1s0x145841352f6c0b5f:0xed9c5e73dd46560a!8m2!3d30.0486916!4d31.2003812!16s%2Fg%2F11g0gp8v7j!19sChIJXwtsLzVBWBQRClZG3XNenO0?authuser=0&hl=ar&rclk=1,https://www.google.com/maps/place/Dento+plus+Clinics/data=!4m7!3m6!1s0x145841352f6c0b5f:0xed9c5e73dd46560a!8m2!3d30.0486916!4d31.2003812!16s%2Fg%2F11g0gp8v7j!19sChIJXwtsLzVBWBQRClZG3XNenO0?authuser=0&hl=ar&rclk=1,4.9,31.0,010 00378008
Pristine Clinic,"Cairo Business Plaza, 407 north Tower, التسعين الشمالي",عيادة للعناية بالبشرة,https://www.google.com/maps/place/Pristine+Clinic/data=!4m7!3m6!1s0x145823b79d42edfd:0xe72602a8e5d94bd!8m2!3d30.0281298!4d31.4875083!16s%2Fg%2F11y1c042zl!19sChIJ_e1CnbcjWBQRvZRdjipgcg4?authuser=0&hl=ar&rclk=1,https://www.google.com/maps/place/Pristine+Clinic/data=!4m7!3m6!1s0x145823b79d42edfd:0xe72602a8e5d94bd!8m2!3d30.0281298!4d31.4875083!16s%2Fg%2F11y1c042zl!19sChIJ_e1CnbcjWBQRvZRdjipgcg4?authuser=0&hl=ar&rclk=1,4.7,32.0,010 99833227
ZaDoctor,"University Staff Buildings, Lotfy El-Sayed St 7",طبيب,https://www.google.com/maps/place/ZaDoctor/data=!4m7!3m6!1s0x14583f66556c509f:0x8e677966f58326b!8m2!3d30.0764475!4d31.2775098!16s%2Fg%2F11frfvvwkl!19sChIJn1BsVWY_WBQRazJYb5Z35gg?authuser=0&hl=ar&rclk=1,https://www.google.com/maps/place/ZaDoctor/data=!4m7!3m6!1s0x14583f66556c509f:0x8e677966f58326b!8m2!3d30.0764475!4d31.2775098!16s%2Fg%2F11frfvvwkl!19sChIJn1BsVWY_WBQRazJYb5Z35gg?authuser=0&hl=ar&rclk=1,5.0,1.0,012 75551462
Perfecti Dental Clinic,"Axis, Elegantry Mall, First Floor, Clinic 118 Fifth Settlement, 77th, عمر بن عبد العزيز",عِيادة أسنان,https://www.google.com/maps/place/Perfecti+Dental+Clinic/data=!4m7!3m6!1s0x14583d4dc1a7dddb:0x986d31ea76e27ebe!8m2!3d30.0071271!4d31.4305681!16s%2Fg%2F11h0jzhfj_!19sChIJ292nwU09WBQRvn7iduoxbZg?authuser=0&hl=ar&rclk=1,https://www.google.com/maps/place/Perfecti+Dental+Clinic/data=!4m7!3m6!1s0x14583d4dc1a7dddb:0x986d31ea76e27ebe!8m2!3d30.0071271!4d31.4305681!16s%2Fg%2F11h0jzhfj_!19sChIJ292nwU09WBQRvn7iduoxbZg?authuser=0&hl=ar&rclk=1,5.0,19.0,010 22221710
Cabinet Dr Shoeir,26R6+576,طبيب,https://www.google.com/maps/place/Cabinet+Dr+Shoeir/data=!4m7!3m6!1s0x1458412caf84afc9:0xe9c7cb78e0f305ee!8m2!3d30.0404141!4d31.2106428!16s%2Fg%2F11gbw9vf3f!19sChIJya-EryxBWBQR7gXz4HjLx-k?authuser=0&hl=ar&rclk=1,https://www.google.com/maps/place/Cabinet+Dr+Shoeir/data=!4m7!3m6!1s0x1458412caf84afc9:0xe9c7cb78e0f305ee!8m2!3d30.0404141!4d31.2106428!16s%2Fg%2F11gbw9vf3f!19sChIJya-EryxBWBQR7gXz4HjLx-k?authuser=0&hl=ar&rclk=1,5.0,1.0,
Eden Skin and Cosmetic Clinic,012 20030665,عيادة للعناية بالبشرة,https://www.google.com/maps/place/Eden+Skin+and+Cosmetic+Clinic/data=!4m7!3m6!1s0x1458166b255ba459:0x1f197a07b27047de!8m2!3d30.1016875!4d31.3734561!16s%2Fg%2F11bw7k2p3k!19sChIJWaRbJWsWWBQR3kdwsgd6GR8?authuser=0&hl=ar&rclk=1,https://www.google.com/maps/place/Eden+Skin+and+Cosmetic+Clinic/data=!4m7!3m6!1s0x1458166b255ba459:0x1f197a07b27047de!8m2!3d30.1016875!4d31.3734561!16s%2Fg%2F11bw7k2p3k!19sChIJWaRbJWsWWBQR3kdwsgd6GR8?authuser=0&hl=ar&rclk=1,4.0,23.0,012 20030665
Dental District Cairo - Serving New Cairo,"Clinic 2099, Medical Park Elite Mall, Rehab City",طبيب أسنان,https://www.google.com/maps/place/Dental+District+Cairo+-+Serving+New+Cairo/data=!4m7!3m6!1s0x145819d53d66ad93:0x24a04411c1624771!8m2!3d30.0538454!4d31.492386!16s%2Fg%2F11ktczvhkf!19sChIJk61mPdUZWBQRcUdiwRFEoCQ?authuser=0&hl=ar&rclk=1,https://www.google.com/maps/place/Dental+District+Cairo+-+Serving+New+Cairo/data=!4m7!3m6!1s0x145819d53d66ad93:0x24a04411c1624771!8m2!3d30.0538454!4d31.492386!16s%2Fg%2F11ktczvhkf!19sChIJk61mPdUZWBQRcUdiwRFEoCQ?authuser=0&hl=ar&rclk=1,5.0,40.0,010 00240229
"Smile Bright Dental Clinic, Dr Sherif Samir.",012 24029053,طبيب أسنان,"https://www.google.com/maps/place/Smile+Bright+Dental+Clinic,+Dr+Sherif+Samir./data=!4m7!3m6!1s0x145840c628d77dd7:0x8a7d59aebdf05ef4!8m2!3d30.0437477!4d31.23655!16s%2Fg%2F11c5g9m3vd!19sChIJ133XKMZAWBQR9F7wva5ZfYo?authuser=0&hl=ar&rclk=1","https://www.google.com/maps/place/Smile+Bright+Dental+Clinic,+Dr+Sherif+Samir./data=!4m7!3m6!1s0x145840c628d77dd7:0x8a7d59aebdf05ef4!8m2!3d30.0437477!4d31.23655!16s%2Fg%2F11c5g9m3vd!19sChIJ133XKMZAWBQR9F7wva5ZfYo?authuser=0&hl=ar&rclk=1",5.0,14.0,012 24029053
دكتور انف واذن وحنجرة | د. أحمد نبيل السمنودي,012 70890820,طبيب أنف وأذن وحنجرة,https://www.google.com/maps/place/%D8%AF%D9%83%D8%AA%D9%88%D8%B1+%D8%A7%D9%86%D9%81+%D9%88%D8%A7%D8%B0%D9%86+%D9%88%D8%AD%D9%86%D8%AC%D8%B1%D8%A9+%7C+%D8%AF.+%D8%A3%D8%AD%D9%85%D8%AF+%D9%86%D8%A8%D9%8A%D9%84+%D8%A7%D9%84%D8%B3%D9%85%D9%86%D9%88%D8%AF%D9%8A%E2%80%AD/data=!4m7!3m6!1s0x145815ef88886357:0xd523205f3fade5a0!8m2!3d30.1004663!4d31.3421497!16s%2Fg%2F11f12znpqr!19sChIJV2OIiO8VWBQRoOWtP18gI9U?authuser=0&hl=ar&rclk=1,https://www.google.com/maps/place/%D8%AF%D9%83%D8%AA%D9%88%D8%B1+%D8%A7%D9%86%D9%81+%D9%88%D8%A7%D8%B0%D9%86+%D9%88%D8%AD%D9%86%D8%AC%D8%B1%D8%A9+%7C+%D8%AF.+%D8%A3%D8%AD%D9%85%D8%AF+%D9%86%D8%A8%D9%8A%D9%84+%D8%A7%D9%84%D8%B3%D9%85%D9%86%D9%88%D8%AF%D9%8A%E2%80%AD/data=!4m7!3m6!1s0x145815ef88886357:0xd523205f3fade5a0!8m2!3d30.1004663!4d31.3421497!16s%2Fg%2F11f12znpqr!19sChIJV2OIiO8VWBQRoOWtP18gI9U?authuser=0&hl=ar&rclk=1,4.9,590.0,012 70890820
El Hoshy Dental Clinic - د/احمد زهير الحوشي,010 28294777,عِيادة أسنان,https://www.google.com/maps/place/El+Hoshy+Dental+Clinic+-+%D8%AF%2F%D8%A7%D8%AD%D9%85%D8%AF+%D8%B2%D9%87%D9%8A%D8%B1+%D8%A7%D9%84%D8%AD%D9%88%D8%B4%D9%8A%E2%80%AD/data=!4m7!3m6!1s0x145815d3ab3a1069:0xfa22a54cbdfc6125!8m2!3d30.094305!4d31.329836!16s%2Fg%2F11t6nmpxgg!19sChIJaRA6q9MVWBQRJWH8vUylIvo?authuser=0&hl=ar&rclk=1,https://www.google.com/maps/place/El+Hoshy+Dental+Clinic+-+%D8%AF%2F%D8%A7%D8%AD%D9%85%D8%AF+%D8%B2%D9%87%D9%8A%D8%B1+%D8%A7%D9%84%D8%AD%D9%88%D8%B4%D9%8A%E2%80%AD/data=!4m7!3m6!1s0x145815d3ab3a1069:0xfa22a54cbdfc6125!8m2!3d30.094305!4d31.329836!16s%2Fg%2F11t6nmpxgg!19sChIJaRA6q9MVWBQRJWH8vUylIvo?authuser=0&hl=ar&rclk=1,4.9,103.0,010 28294777
Cairo Medical Dental Clinics (CMD) - Dr. Basel Elramly,011 20137137,عِيادة أسنان,https://www.google.com/maps/place/Cairo+Medical+Dental+Clinics+%28CMD%29+-+Dr.+Basel+Elramly/data=!4m7!3m6!1s0x14583d5436d857bd:0xf0c743125db603eb!8m2!3d30.0209996!4d31.4341698!16s%2Fg%2F11fl8lcmdd!19sChIJvVfYNlQ9WBQR6wO2XRJDx_A?authuser=0&hl=ar&rclk=1,https://www.google.com/maps/place/Cairo+Medical+Dental+Clinics+%28CMD%29+-+Dr.+Basel+Elramly/data=!4m7!3m6!1s0x14583d5436d857bd:0xf0c743125db603eb!8m2!3d30.0209996!4d31.4341698!16s%2Fg%2F11fl8lcmdd!19sChIJvVfYNlQ9WBQR6wO2XRJDx_A?authuser=0&hl=ar&rclk=1,4.3,6.0,011 20137137
"Marwa.Azmi , OZONE Medical Centre ,TULIP Clinic D106","Tulip D106, Ozone, Medical Center",عيادة للعناية بالبشرة,"https://www.google.com/maps/place/Marwa.Azmi+,+OZONE+Medical+Centre+,TULIP+Clinic+D106/data=!4m7!3m6!1s0x14583d4cd60ef9cf:0xf3ed1bb8af8e019e!8m2!3d30.0019843!4d31.4537695!16s%2Fg%2F11wp4f5mp_!19sChIJz_kO1kw9WBQRngGOr7gb7fM?authuser=0&hl=ar&rclk=1","https://www.google.com/maps/place/Marwa.Azmi+,+OZONE+Medical+Centre+,TULIP+Clinic+D106/data=!4m7!3m6!1s0x14583d4cd60ef9cf:0xf3ed1bb8af8e019e!8m2!3d30.0019843!4d31.4537695!16s%2Fg%2F11wp4f5mp_!19sChIJz_kO1kw9WBQRngGOr7gb7fM?authuser=0&hl=ar&rclk=1",5.0,12.0,015 59703000
مركز دجلة الطبى,02 25213156,عيادة طبية,https://www.google.com/maps/place/%D9%85%D8%B1%D9%83%D8%B2+%D8%AF%D8%AC%D9%84%D8%A9+%D8%A7%D9%84%D8%B7%D8%A8%D9%89%E2%80%AD/data=!4m7!3m6!1s0x1458384cd55355e9:0x177485ed016af8a6!8m2!3d29.9546108!4d31.2716636!16s%2Fg%2F1tfdty1y!19sChIJ6VVT1Uw4WBQRpvhqAe2FdBc?authuser=0&hl=ar&rclk=1,https://www.google.com/maps/place/%D9%85%D8%B1%D9%83%D8%B2+%D8%AF%D8%AC%D9%84%D8%A9+%D8%A7%D9%84%D8%B7%D8%A8%D9%89%E2%80%AD/data=!4m7!3m6!1s0x1458384cd55355e9:0x177485ed016af8a6!8m2!3d29.9546108!4d31.2716636!16s%2Fg%2F1tfdty1y!19sChIJ6VVT1Uw4WBQRpvhqAe2FdBc?authuser=0&hl=ar&rclk=1,3.8,37.0,02 25213156
Cairo Skin Clinic Dr Ibrahim Abdelkareem,011 02602673,طبيب أمراض جلدية,https://www.google.com/maps/place/Cairo+Skin+Clinic+Dr+Ibrahim+Abdelkareem/data=!4m7!3m6!1s0x14583fb9334575ff:0x3e3fd1dd3812e8de!8m2!3d30.0588386!4d31.3373213!16s%2Fg%2F11g2q61qb1!19sChIJ_3VFM7k_WBQR3ugSON3RPz4?authuser=0&hl=ar&rclk=1,https://www.google.com/maps/place/Cairo+Skin+Clinic+Dr+Ibrahim+Abdelkareem/data=!4m7!3m6!1s0x14583fb9334575ff:0x3e3fd1dd3812e8de!8m2!3d30.0588386!4d31.3373213!16s%2Fg%2F11g2q61qb1!19sChIJ_3VFM7k_WBQR3ugSON3RPz4?authuser=0&hl=ar&rclk=1,5.0,47.0,011 02602673
عيادة د. محمد ثروت Dr. Tharwat Clinic,011 10729992,عِيادة أسنان,https://www.google.com/maps/place/%D8%B9%D9%8A%D8%A7%D8%AF%D8%A9+%D8%AF.+%D9%85%D8%AD%D9%85%D8%AF+%D8%AB%D8%B1%D9%88%D8%AA+Dr.+Tharwat+Clinic%E2%80%AD/data=!4m7!3m6!1s0x145841195e2a244f:0xa875ea743d2a8dc9!8m2!3d30.057794!4d31.1925582!16s%2Fg%2F11fpv8q7xf!19sChIJTyQqXhlBWBQRyY0qPXTqdag?authuser=0&hl=ar&rclk=1,https://www.google.com/maps/place/%D8%B9%D9%8A%D8%A7%D8%AF%D8%A9+%D8%AF.+%D9%85%D8%AD%D9%85%D8%AF+%D8%AB%D8%B1%D9%88%D8%AA+Dr.+Tharwat+Clinic%E2%80%AD/data=!4m7!3m6!1s0x145841195e2a244f:0xa875ea743d2a8dc9!8m2!3d30.057794!4d31.1925582!16s%2Fg%2F11fpv8q7xf!19sChIJTyQqXhlBWBQRyY0qPXTqdag?authuser=0&hl=ar&rclk=1,4.6,35.0,011 10729992
Oasis Clinics,Karma 1 Office Building، Above Al Ahli Bank of Kuwait، 2nd Floor,عيادة طبية,https://www.google.com/maps/place/Oasis+Clinics/data=!4m7!3m6!1s0x14585a1a9926b389:0xea744fc74fc5a51!8m2!3d30.0239355!4d30.9987046!16s%2Fg%2F11b5yvzv20!19sChIJibMmmRpaWBQRUVr8dPxEpw4?authuser=0&hl=ar&rclk=1,https://www.google.com/maps/place/Oasis+Clinics/data=!4m7!3m6!1s0x14585a1a9926b389:0xea744fc74fc5a51!8m2!3d30.0239355!4d30.9987046!16s%2Fg%2F11b5yvzv20!19sChIJibMmmRpaWBQRUVr8dPxEpw4?authuser=0&hl=ar&rclk=1,4.1,156.0,010 04000777
ميديكال بارك,,مركز طبي,https://www.google.com/maps/place/%D9%85%D9%8A%D8%AF%D9%8A%D9%83%D8%A7%D9%84+%D8%A8%D8%A7%D8%B1%D9%83%E2%80%AD/data=!4m7!3m6!1s0x14583cc0903b7b43:0x4370e4f7e9bac561!8m2!3d30.004598!4d31.426386!16s%2Fg%2F11dyqrg13h!19sChIJQ3s7kMA8WBQRYcW66ffkcEM?authuser=0&hl=ar&rclk=1,https://www.google.com/maps/place/%D9%85%D9%8A%D8%AF%D9%8A%D9%83%D8%A7%D9%84+%D8%A8%D8%A7%D8%B1%D9%83%E2%80%AD/data=!4m7!3m6!1s0x14583cc0903b7b43:0x4370e4f7e9bac561!8m2!3d30.004598!4d31.426386!16s%2Fg%2F11dyqrg13h!19sChIJQ3s7kMA8WBQRYcW66ffkcEM?authuser=0&hl=ar&rclk=1,4.0,67.0,
Dr. Rany Dental Clinic,2CCM+9MP,عِيادة أسنان,https://www.google.com/maps/place/Dr.+Rany+Dental+Clinic/data=!4m7!3m6!1s0x14583cd820a823bd:0x9f79b0773190d0f1!8m2!3d30.0209667!4d31.4341881!16s%2Fg%2F11f15lr67f!19sChIJvSOoINg8WBQR8dCQMXeweZ8?authuser=0&hl=ar&rclk=1,https://www.google.com/maps/place/Dr.+Rany+Dental+Clinic/data=!4m7!3m6!1s0x14583cd820a823bd:0x9f79b0773190d0f1!8m2!3d30.0209667!4d31.4341881!16s%2Fg%2F11f15lr67f!19sChIJvSOoINg8WBQR8dCQMXeweZ8?authuser=0&hl=ar&rclk=1,4.8,50.0,010 22033648
Phyxing Clinic - G7,"G7 Complex,Al Tahrir Axis,New Cairo 1, Cairo Governorate 4741203",عيادة علاج طبيعي,https://www.google.com/maps/place/Phyxing+Clinic+-+G7/data=!4m7!3m6!1s0x145823130a6373ed:0xe6dbaa7a75e0fe22!8m2!3d30.0431282!4d31.4966264!16s%2Fg%2F11y4bfs9td!19sChIJ7XNjChMjWBQRIv7gdXqq2-Y?authuser=0&hl=ar&rclk=1,https://www.google.com/maps/place/Phyxing+Clinic+-+G7/data=!4m7!3m6!1s0x145823130a6373ed:0xe6dbaa7a75e0fe22!8m2!3d30.0431282!4d31.4966264!16s%2Fg%2F11y4bfs9td!19sChIJ7XNjChMjWBQRIv7gdXqq2-Y?authuser=0&hl=ar&rclk=1,5.0,8.0,011 16655564
Doctor Egypt,N 90th Street - Service Ln,فريق طبي,https://www.google.com/maps/place/Doctor+Egypt/data=!4m7!3m6!1s0x14583d91ab865077:0x1a811d1ed457facb!8m2!3d30.021718!4d31.417023!16s%2Fg%2F11j7gs32bv!19sChIJd1CGq5E9WBQRy_pX1B4dgRo?authuser=0&hl=ar&rclk=1,https://www.google.com/maps/place/Doctor+Egypt/data=!4m7!3m6!1s0x14583d91ab865077:0x1a811d1ed457facb!8m2!3d30.021718!4d31.417023!16s%2Fg%2F11j7gs32bv!19sChIJd1CGq5E9WBQRy_pX1B4dgRo?authuser=0&hl=ar&rclk=1,5.0,5.0,010 23017414
Dentra Clinic - New Cairo,"Agora Mall, 1-6, Clinic M, النصر",عِيادة أسنان,https://www.google.com/maps/place/Dentra+Clinic+-+New+Cairo/data=!4m7!3m6!1s0x14583f9f1a98bd09:0xad03a86ed1a97a3!8m2!3d30.0194924!4d31.5291229!16s%2Fg%2F11sjtqrcl8!19sChIJCb2YGp8_WBQRo5ca7YY60Ao?authuser=0&hl=ar&rclk=1,https://www.google.com/maps/place/Dentra+Clinic+-+New+Cairo/data=!4m7!3m6!1s0x14583f9f1a98bd09:0xad03a86ed1a97a3!8m2!3d30.0194924!4d31.5291229!16s%2Fg%2F11sjtqrcl8!19sChIJCb2YGp8_WBQRo5ca7YY60Ao?authuser=0&hl=ar&rclk=1,5.0,4.0,011 55557750
مجمع غالي الطبي,32 El Golf St,فريق طبي,https://www.google.com/maps/place/%D9%85%D8%AC%D9%85%D8%B9+%D8%BA%D8%A7%D9%84%D9%8A+%D8%A7%D9%84%D8%B7%D8%A8%D9%8A%E2%80%AD/data=!4m7!3m6!1s0x14583876a7e3240f:0x6bb81285bf73525d!8m2!3d29.9678388!4d31.2676294!16s%2Fg%2F1tr6pkn7!19sChIJDyTjp3Y4WBQRXVJzv4USuGs?authuser=0&hl=ar&rclk=1,https://www.google.com/maps/place/%D9%85%D8%AC%D9%85%D8%B9+%D8%BA%D8%A7%D9%84%D9%8A+%D8%A7%D9%84%D8%B7%D8%A8%D9%8A%E2%80%AD/data=!4m7!3m6!1s0x14583876a7e3240f:0x6bb81285bf73525d!8m2!3d29.9678388!4d31.2676294!16s%2Fg%2F1tr6pkn7!19sChIJDyTjp3Y4WBQRXVJzv4USuGs?authuser=0&hl=ar&rclk=1,3.6,78.0,02 23809995
Maurice Dental Clinic - Dr. Rami Maurice,012 08882626,عِيادة أسنان,https://www.google.com/maps/place/Maurice+Dental+Clinic+-+Dr.+Rami+Maurice/data=!4m7!3m6!1s0x14583e1df0dff9c7:0x454f364b28be3e6a!8m2!3d30.0892002!4d31.3378683!16s%2Fg%2F119v546sq!19sChIJx_nf8B0-WBQRaj6-KEs2T0U?authuser=0&hl=ar&rclk=1,https://www.google.com/maps/place/Maurice+Dental+Clinic+-+Dr.+Rami+Maurice/data=!4m7!3m6!1s0x14583e1df0dff9c7:0x454f364b28be3e6a!8m2!3d30.0892002!4d31.3378683!16s%2Fg%2F119v546sq!19sChIJx_nf8B0-WBQRaj6-KEs2T0U?authuser=0&hl=ar&rclk=1,5.0,83.0,012 08882626
"Cutis ""The Skin Clinic""",010 09070000,عيادة للعناية بالبشرة,https://www.google.com/maps/place/Cutis+%22The+Skin+Clinic%22/data=!4m7!3m6!1s0x14584130c1c35cbf:0xc325a3b79e6546ff!8m2!3d30.0521788!4d31.2022557!16s%2Fg%2F11b5pj6b8d!19sChIJv1zDwTBBWBQR_0ZlnrejJcM?authuser=0&hl=ar&rclk=1,https://www.google.com/maps/place/Cutis+%22The+Skin+Clinic%22/data=!4m7!3m6!1s0x14584130c1c35cbf:0xc325a3b79e6546ff!8m2!3d30.0521788!4d31.2022557!16s%2Fg%2F11b5pj6b8d!19sChIJv1zDwTBBWBQR_0ZlnrejJcM?authuser=0&hl=ar&rclk=1,4.2,109.0,010 09070000
DermaHealth Lasers & Cosmetology,010 15550537,مركز طبي,https://www.google.com/maps/place/DermaHealth+Lasers+%26+Cosmetology/data=!4m7!3m6!1s0x1458412aa41a4f85:0xe66f8b7af4bec08a!8m2!3d30.0391755!4d31.2166877!16s%2Fg%2F1vvw_sjh!19sChIJhU8apCpBWBQRisC-9HqLb-Y?authuser=0&hl=ar&rclk=1,https://www.google.com/maps/place/DermaHealth+Lasers+%26+Cosmetology/data=!4m7!3m6!1s0x1458412aa41a4f85:0xe66f8b7af4bec08a!8m2!3d30.0391755!4d31.2166877!16s%2Fg%2F1vvw_sjh!19sChIJhU8apCpBWBQRisC-9HqLb-Y?authuser=0&hl=ar&rclk=1,4.7,174.0,010 15550537
Smile & Shine Dental Clinic - Dr. Albert Wahib,"Inside the corner mall,opposite to Al-rehab city gate 6,New Cairo,Clinic B7",عِيادة أسنان,https://www.google.com/maps/place/Smile+%26+Shine+Dental+Clinic+-+Dr.+Albert+Wahib/data=!4m7!3m6!1s0x145840c6340b5307:0x94f8ccd1323e84ec!8m2!3d30.052964!4d31.488183!16s%2Fg%2F11byflhy5q!19sChIJB1MLNMZAWBQR7IQ-MtHM-JQ?authuser=0&hl=ar&rclk=1,https://www.google.com/maps/place/Smile+%26+Shine+Dental+Clinic+-+Dr.+Albert+Wahib/data=!4m7!3m6!1s0x145840c6340b5307:0x94f8ccd1323e84ec!8m2!3d30.052964!4d31.488183!16s%2Fg%2F11byflhy5q!19sChIJB1MLNMZAWBQR7IQ-MtHM-JQ?authuser=0&hl=ar&rclk=1,4.6,48.0,011 10707060
"Diamond Dental Center, الفرع الرئيسي","29 Saeam Al daher st. Shobra, Cairo, From Road El Farag street",عِيادة أسنان,"https://www.google.com/maps/place/Diamond+Dental+Center,+%D8%A7%D9%84%D9%81%D8%B1%D8%B9+%D8%A7%D9%84%D8%B1%D8%A6%D9%8A%D8%B3%D9%8A%E2%80%AD/data=!4m7!3m6!1s0x1458406705574335:0x479138c01a90ccd1!8m2!3d30.0806658!4d31.2418463!16s%2Fg%2F11c5_y5bkx!19sChIJNUNXBWdAWBQR0cyQGsA4kUc?authuser=0&hl=ar&rclk=1","https://www.google.com/maps/place/Diamond+Dental+Center,+%D8%A7%D9%84%D9%81%D8%B1%D8%B9+%D8%A7%D9%84%D8%B1%D8%A6%D9%8A%D8%B3%D9%8A%E2%80%AD/data=!4m7!3m6!1s0x1458406705574335:0x479138c01a90ccd1!8m2!3d30.0806658!4d31.2418463!16s%2Fg%2F11c5_y5bkx!19sChIJNUNXBWdAWBQR0cyQGsA4kUc?authuser=0&hl=ar&rclk=1",4.8,22.0,011 17788848
Shiny White Dental Centers Roxi - Dr. Shady Ali Hussein,010 33556449,عِيادة أسنان,https://www.google.com/maps/place/Shiny+White+Dental+Centers+Roxi+-+Dr.+Shady+Ali+Hussein/data=!4m7!3m6!1s0x14583f5bed3d372b:0xda80f75e4dc44895!8m2!3d30.0936076!4d31.313773!16s%2Fg%2F11sbv10z_s!19sChIJKzc97Vs_WBQRlUjETV73gNo?authuser=0&hl=ar&rclk=1,https://www.google.com/maps/place/Shiny+White+Dental+Centers+Roxi+-+Dr.+Shady+Ali+Hussein/data=!4m7!3m6!1s0x14583f5bed3d372b:0xda80f75e4dc44895!8m2!3d30.0936076!4d31.313773!16s%2Fg%2F11sbv10z_s!19sChIJKzc97Vs_WBQRlUjETV73gNo?authuser=0&hl=ar&rclk=1,4.9,94.0,010 33556449
Gezira Dental Clinic - Dr. Wafaa Maurice,3 AL Borg St Inside Anglo American Hospital,عِيادة أسنان,https://www.google.com/maps/place/Gezira+Dental+Clinic+-+Dr.+Wafaa+Maurice/data=!4m7!3m6!1s0x145841ce177ff0bb:0xad6e47faba0ea170!8m2!3d30.0462683!4d31.221604!16s%2Fg%2F11fk1mzpb9!19sChIJu_B_F85BWBQRcKEOuvpHbq0?authuser=0&hl=ar&rclk=1,https://www.google.com/maps/place/Gezira+Dental+Clinic+-+Dr.+Wafaa+Maurice/data=!4m7!3m6!1s0x145841ce177ff0bb:0xad6e47faba0ea170!8m2!3d30.0462683!4d31.221604!16s%2Fg%2F11fk1mzpb9!19sChIJu_B_F85BWBQRcKEOuvpHbq0?authuser=0&hl=ar&rclk=1,4.3,12.0,012 20023632
InShape Clinic Zamalek,02 21266800,مركز طبي,https://www.google.com/maps/place/InShape+Clinic+Zamalek/data=!4m7!3m6!1s0x145840e04a6d4f57:0xfc0e91525bfdb369!8m2!3d30.0637819!4d31.2181267!16s%2Fg%2F1typqybz!19sChIJV09tSuBAWBQRabP9W1KRDvw?authuser=0&hl=ar&rclk=1,https://www.google.com/maps/place/InShape+Clinic+Zamalek/data=!4m7!3m6!1s0x145840e04a6d4f57:0xfc0e91525bfdb369!8m2!3d30.0637819!4d31.2181267!16s%2Fg%2F1typqybz!19sChIJV09tSuBAWBQRabP9W1KRDvw?authuser=0&hl=ar&rclk=1,4.3,79.0,02 21266800
Inshape Clinic New Cairo 1,"Trivium Business Complex, التسعين الشمالي",مركز طبي,https://www.google.com/maps/place/Inshape+Clinic+New+Cairo+1/data=!4m7!3m6!1s0x145823046cd86c11:0x5b273121d65a8f84!8m2!3d30.0278322!4d31.4867789!16s%2Fg%2F11h5fh1776!19sChIJEWzYbAQjWBQRhI9a1iExJ1s?authuser=0&hl=ar&rclk=1,https://www.google.com/maps/place/Inshape+Clinic+New+Cairo+1/data=!4m7!3m6!1s0x145823046cd86c11:0x5b273121d65a8f84!8m2!3d30.0278322!4d31.4867789!16s%2Fg%2F11h5fh1776!19sChIJEWzYbAQjWBQRhI9a1iExJ1s?authuser=0&hl=ar&rclk=1,4.3,60.0,02 21266800
Jasmin Clinic - د. لمياء عبدالودود,"Cairo Business Plaza, 303, 90th north road",عيادة للعناية بالبشرة,https://www.google.com/maps/place/Jasmin+Clinic+-+%D8%AF.+%D9%84%D9%85%D9%8A%D8%A7%D8%A1+%D8%B9%D8%A8%D8%AF%D8%A7%D9%84%D9%88%D8%AF%D9%88%D8%AF%E2%80%AD/data=!4m7!3m6!1s0x14f7f1f2582fc3dd:0x68e13f91d4831972!8m2!3d30.0279484!4d31.4875691!16s%2Fg%2F11j6qhp70q!19sChIJ3cMvWPLx9xQRchmD1JE_4Wg?authuser=0&hl=ar&rclk=1,https://www.google.com/maps/place/Jasmin+Clinic+-+%D8%AF.+%D9%84%D9%85%D9%8A%D8%A7%D8%A1+%D8%B9%D8%A8%D8%AF%D8%A7%D9%84%D9%88%D8%AF%D9%88%D8%AF%E2%80%AD/data=!4m7!3m6!1s0x14f7f1f2582fc3dd:0x68e13f91d4831972!8m2!3d30.0279484!4d31.4875691!16s%2Fg%2F11j6qhp70q!19sChIJ3cMvWPLx9xQRchmD1JE_4Wg?authuser=0&hl=ar&rclk=1,4.2,21.0,010 98238883
Haddad Dental Clinic,010 99974047,عِيادة أسنان,https://www.google.com/maps/place/Haddad+Dental+Clinic/data=!4m7!3m6!1s0x1458235f004a7225:0x3013f14a4d98a570!8m2!3d30.0277057!4d31.4875051!16s%2Fg%2F11fj514cpf!19sChIJJXJKAF8jWBQRcKWYTUrxEzA?authuser=0&hl=ar&rclk=1,https://www.google.com/maps/place/Haddad+Dental+Clinic/data=!4m7!3m6!1s0x1458235f004a7225:0x3013f14a4d98a570!8m2!3d30.0277057!4d31.4875051!16s%2Fg%2F11fj514cpf!19sChIJJXJKAF8jWBQRcKWYTUrxEzA?authuser=0&hl=ar&rclk=1,4.7,30.0,010 99974047
Doctoorum,"The greek campus - Office, 171 El tahrir, 401",شركة تأمين صحي,https://www.google.com/maps/place/Doctoorum/data=!4m7!3m6!1s0x1458419c08f6256f:0x4f32e205c03f8f8e!8m2!3d30.0446584!4d31.2389149!16s%2Fg%2F11hzy74x1m!19sChIJbyX2CJxBWBQRjo8_wAXiMk8?authuser=0&hl=ar&rclk=1,https://www.google.com/maps/place/Doctoorum/data=!4m7!3m6!1s0x1458419c08f6256f:0x4f32e205c03f8f8e!8m2!3d30.0446584!4d31.2389149!16s%2Fg%2F11hzy74x1m!19sChIJbyX2CJxBWBQRjo8_wAXiMk8?authuser=0&hl=ar&rclk=1,5.0,9.0,011 12048111
Dentalica Clinics,011 11242221,عِيادة أسنان,https://www.google.com/maps/place/Dentalica+Clinics/data=!4m7!3m6!1s0x14583994f6e145b5:0x1037092dfd9c57d3!8m2!3d29.9612704!4d31.288796!16s%2Fg%2F11kc280k5j!19sChIJtUXh9pQ5WBQR01ec_S0JNxA?authuser=0&hl=ar&rclk=1,https://www.google.com/maps/place/Dentalica+Clinics/data=!4m7!3m6!1s0x14583994f6e145b5:0x1037092dfd9c57d3!8m2!3d29.9612704!4d31.288796!16s%2Fg%2F11kc280k5j!19sChIJtUXh9pQ5WBQR01ec_S0JNxA?authuser=0&hl=ar&rclk=1,5.0,18.0,011 11242221
Helio Dental Clinics | New Cairo,011 50044446,عِيادة أسنان,https://www.google.com/maps/place/Helio+Dental+Clinics+%7C+New+Cairo/data=!4m7!3m6!1s0x14583de39e43a3cb:0xce4c61ae4a50528!8m2!3d30.0208409!4d31.4348631!16s%2Fg%2F11j7j__8rh!19sChIJy6NDnuM9WBQRKAWl5BrG5Aw?authuser=0&hl=ar&rclk=1,https://www.google.com/maps/place/Helio+Dental+Clinics+%7C+New+Cairo/data=!4m7!3m6!1s0x14583de39e43a3cb:0xce4c61ae4a50528!8m2!3d30.0208409!4d31.4348631!16s%2Fg%2F11j7j__8rh!19sChIJy6NDnuM9WBQRKAWl5BrG5Aw?authuser=0&hl=ar&rclk=1,4.9,36.0,011 50044446
عياده اسنان دكتور فادى رياض,012 08083080,عِيادة أسنان,https://www.google.com/maps/place/%D8%B9%D9%8A%D8%A7%D8%AF%D9%87+%D8%A7%D8%B3%D9%86%D8%A7%D9%86+%D8%AF%D9%83%D8%AA%D9%88%D8%B1+%D9%81%D8%A7%D8%AF%D9%89+%D8%B1%D9%8A%D8%A7%D8%B6%E2%80%AD/data=!4m7!3m6!1s0x145815e7c86d703f:0xf0367d677238e62c!8m2!3d30.106838!4d31.343791!16s%2Fg%2F11bzz_fyy1!19sChIJP3BtyOcVWBQRLOY4cmd9NvA?authuser=0&hl=ar&rclk=1,https://www.google.com/maps/place/%D8%B9%D9%8A%D8%A7%D8%AF%D9%87+%D8%A7%D8%B3%D9%86%D8%A7%D9%86+%D8%AF%D9%83%D8%AA%D9%88%D8%B1+%D9%81%D8%A7%D8%AF%D9%89+%D8%B1%D9%8A%D8%A7%D8%B6%E2%80%AD/data=!4m7!3m6!1s0x145815e7c86d703f:0xf0367d677238e62c!8m2!3d30.106838!4d31.343791!16s%2Fg%2F11bzz_fyy1!19sChIJP3BtyOcVWBQRLOY4cmd9NvA?authuser=0&hl=ar&rclk=1,4.9,423.0,012 08083080
Cairo Pain Clinic(Dr. Ossama Hamdy),,طبيب إدارة الألم,https://www.google.com/maps/place/Cairo+Pain+Clinic%28Dr.+Ossama+Hamdy%29/data=!4m7!3m6!1s0x14583f6102ce15eb:0x73dd492953a8418f!8m2!3d30.0850616!4d31.3310072!16s%2Fg%2F11hwckr5kz!19sChIJ6xXOAmE_WBQRj0GoUylJ3XM?authuser=0&hl=ar&rclk=1,https://www.google.com/maps/place/Cairo+Pain+Clinic%28Dr.+Ossama+Hamdy%29/data=!4m7!3m6!1s0x14583f6102ce15eb:0x73dd492953a8418f!8m2!3d30.0850616!4d31.3310072!16s%2Fg%2F11hwckr5kz!19sChIJ6xXOAmE_WBQRj0GoUylJ3XM?authuser=0&hl=ar&rclk=1,,,
CAPSTONE DENTAL CLINIC,010 02196666,عِيادة أسنان,https://www.google.com/maps/place/CAPSTONE+DENTAL+CLINIC/data=!4m7!3m6!1s0x14584115eb6d44f9:0x8e513e0675d9ed47!8m2!3d30.061805!4d31.2231208!16s%2Fg%2F11px0rwz9g!19sChIJ-URt6xVBWBQRR-3ZdQY-UY4?authuser=0&hl=ar&rclk=1,https://www.google.com/maps/place/CAPSTONE+DENTAL+CLINIC/data=!4m7!3m6!1s0x14584115eb6d44f9:0x8e513e0675d9ed47!8m2!3d30.061805!4d31.2231208!16s%2Fg%2F11px0rwz9g!19sChIJ-URt6xVBWBQRR-3ZdQY-UY4?authuser=0&hl=ar&rclk=1,5.0,50.0,010 02196666
"Cutis ""The Skin Clinic"" Tagamo","Cairo Medical Center - CMC, التسعين الشمالي",عيادة للعناية بالبشرة,https://www.google.com/maps/place/Cutis+%22The+Skin+Clinic%22+Tagamo/data=!4m7!3m6!1s0x14583fb788f7ba9f:0x74613f5b5bccb050!8m2!3d30.0211153!4d31.4343574!16s%2Fg%2F11gvzl37b0!19sChIJn7r3iLc_WBQRULDMW1s_YXQ?authuser=0&hl=ar&rclk=1,https://www.google.com/maps/place/Cutis+%22The+Skin+Clinic%22+Tagamo/data=!4m7!3m6!1s0x14583fb788f7ba9f:0x74613f5b5bccb050!8m2!3d30.0211153!4d31.4343574!16s%2Fg%2F11gvzl37b0!19sChIJn7r3iLc_WBQRULDMW1s_YXQ?authuser=0&hl=ar&rclk=1,3.6,56.0,010 09070000
Dr Ahmed Mohsen Dental Center طبيب اسنان,010 97050867,عِيادة أسنان,https://www.google.com/maps/place/Dr+Ahmed+Mohsen+Dental+Center+%D8%B7%D8%A8%D9%8A%D8%A8+%D8%A7%D8%B3%D9%86%D8%A7%D9%86%E2%80%AD/data=!4m7!3m6!1s0x1458166aa195d693:0xfb88372ac99616f7!8m2!3d30.0197051!4d31.4347868!16s%2Fg%2F11g9qfydb6!19sChIJk9aVoWoWWBQR9xaWySo3iPs?authuser=0&hl=ar&rclk=1,https://www.google.com/maps/place/Dr+Ahmed+Mohsen+Dental+Center+%D8%B7%D8%A8%D9%8A%D8%A8+%D8%A7%D8%B3%D9%86%D8%A7%D9%86%E2%80%AD/data=!4m7!3m6!1s0x1458166aa195d693:0xfb88372ac99616f7!8m2!3d30.0197051!4d31.4347868!16s%2Fg%2F11g9qfydb6!19sChIJk9aVoWoWWBQR9xaWySo3iPs?authuser=0&hl=ar&rclk=1,4.9,209.0,010 97050867
