Business Name,Address,Category,Google Maps Link,Rating,Reviews,Phone,Website
Prism Digital,"Latifa Tower, Office No. 604 - West Wing World Trade Center - 1 شارع الشيخ زايد",وكالة تسويق,https://www.google.com/maps/place/Prism+Digital/data=!4m7!3m6!1s0x3e5f6becb9f676ed:0xd45a302f703b789a!8m2!3d25.2216463!4d55.2811041!16s%2Fg%2F1tfpy9zf!19sChIJ7Xb2uexrXz4Rmng7cC8wWtQ?authuser=0&hl=ar&rclk=1,4.6,164,,https://www.prism-me.com/
Legend1st Digital Marketing Agency in Dubai - Social Media Marketing & SEO Services,"Office No. 402, Crystal Tower",وكالة تسويق,https://www.google.com/maps/place/Legend1st+Digital+Marketing+Agency+in+Dubai+-+Social+Media+Marketing+%26+SEO+Services/data=!4m7!3m6!1s0x3e5f5dfa290b24b7:0x699ee58c26747a4c!8m2!3d25.1941491!4d55.2892304!16s%2Fg%2F11j7kc61t0!19sChIJtyQLKfpdXz4RTHp0Jozlnmk?authuser=0&hl=ar&rclk=1,4.9,441,+971 55 701 503,https://legend1st.com/
Volga Tigris,Business Venue Building - 117 1st floor,وكالة تسويق,https://www.google.com/maps/place/Volga+Tigris/data=!4m7!3m6!1s0x3e5f5ded50e9cac9:0xd210a6a0c54a790d!8m2!3d25.2417773!4d55.3097268!16s%2Fg%2F11j1fdk69r!19sChIJycrpUO1dXz4RDXlKxaCmENI?authuser=0&hl=ar&rclk=1,4.8,321,,https://www.volgatigris.com/?utm_source=gmb&utm_medium=organic&utm_campaign=gmbdubai
EDS FZE,"Office 211, Palace Towers",وكالة تسويق,https://www.google.com/maps/place/EDS+FZE/data=!4m7!3m6!1s0x3e5f6474729d64c9:0x40d571b68a2e451!8m2!3d25.1161482!4d55.3901958!16s%2Fg%2F11bt_nwgh_!19sChIJyWSdcnRkXz4RUeSiaBtXDQQ?authuser=0&hl=ar&rclk=1,4.5,238,,https://eds.ae/
Digital Vertise,+971 50 520 7369,وكالة تسويق,https://www.google.com/maps/place/Digital+Vertise/data=!4m7!3m6!1s0x3e5f69244ab27c95:0x831af05a94611c68!8m2!3d25.1881602!4d55.2716388!16s%2Fg%2F11mpjwgh5r!19sChIJlXyySiRpXz4RaBxhlFrwGoM?authuser=0&hl=ar&rclk=1,5.0,53,+971 50 520 736,http://www.digitalvertise.com/
ENH Media - Digital Marketing Agency in Dubai UAE | Social Media | التسويق الرقمي دبي,Office No. 207 Arcade Building Office No. 207,وكالة تسويق,https://www.google.com/maps/place/ENH+Media+-+Digital+Marketing+Agency+in+Dubai+UAE+%7C+Social+Media+%7C+%D8%A7%D9%84%D8%AA%D8%B3%D9%88%D9%8A%D9%82+%D8%A7%D9%84%D8%B1%D9%82%D9%85%D9%8A+%D8%AF%D8%A8%D9%8A%E2%80%AD/data=!4m7!3m6!1s0x3e5f5c398c2ab955:0x5b074f4957bdb1cc!8m2!3d25.2500591!4d55.3394202!16s%2Fg%2F1tj6s9bf!19sChIJVbkqjDlcXz4RzLG9V0lPB1s?authuser=0&hl=ar&rclk=1,4.9,47,,https://enhmedia.com/
"7G Media - Creative Digital Marketing Agency in Dubai, UAE",The Citadel,وكالة تسويق,"https://www.google.com/maps/place/7G+Media+-+Creative+Digital+Marketing+Agency+in+Dubai,+UAE/data=!4m7!3m6!1s0x3e5f69d038eaaa81:0x398dd778decb3348!8m2!3d25.1838806!4d55.2608682!16s%2Fg%2F1ptyqns6v!19sChIJgarqONBpXz4RSDPL3njXjTk?authuser=0&hl=ar&rclk=1",4.5,35,,http://www.7gmedia.com/
Manqoosh Marketing & Advertising - Digital Marketing Agency Al Qusais,Al Rihab Tower - near Emirates Driving Institute,وكالة إعلانية,https://www.google.com/maps/place/Manqoosh+Marketing+%26+Advertising+-+Digital+Marketing+Agency+Al+Qusais/data=!4m7!3m6!1s0x148d93fa11870cf:0xe3a5391a0b15004a!8m2!3d25.2808936!4d55.3728807!16s%2Fg%2F11jsrgw7ch!19sChIJz3AYoT_ZSAERSgAVCxo5peM?authuser=0&hl=ar&rclk=1,5.0,48,+971 52 656 210,http://www.manqoosh.com/
Aspiration Worx | SEO Company Dubai | Digital Marketing Agency Dubai | E-commerce Agency | كشركة لتحسين محركات البحث في دبي,"Dubai Silicon Oasis G-107D, Techno Hub - 1",خدمة التسويق عبر الإنترنت,https://www.google.com/maps/place/Aspiration+Worx+%7C+SEO+Company+Dubai+%7C+Digital+Marketing+Agency+Dubai+%7C+E-commerce+Agency+%7C+%D9%83%D8%B4%D8%B1%D9%83%D8%A9+%D9%84%D8%AA%D8%AD%D8%B3%D9%8A%D9%86+%D9%85%D8%AD%D8%B1%D9%83%D8%A7%D8%AA+%D8%A7%D9%84%D8%A8%D8%AD%D8%AB+%D9%81%D9%8A+%D8%AF%D8%A8%D9%8A%E2%80%AD/data=!4m7!3m6!1s0x3e5f643f14061a9d:0xacccdf3dcef12275!8m2!3d25.121993!4d55.3769348!16s%2Fg%2F11f4pkx_sn!19sChIJnRoGFD9kXz4RdSLxzj3fzKw?authuser=0&hl=ar&rclk=1,4.8,63,+971 52 422 994,https://www.aspirationworx.com/
Donut Media | F&B Restaurant Marketing Agency,Dubai Digital Park Office 3018 - Floor 3 - A5 Building,وكالة تسويق,https://www.google.com/maps/place/Donut+Media+%7C+F%26B+Restaurant+Marketing+Agency/data=!4m7!3m6!1s0x3e5f65235f3a4b67:0xdaeb7800c5c3dce8!8m2!3d25.1203209!4d55.3772806!16s%2Fg%2F11llwsynb0!19sChIJZ0s6XyNlXz4R6NzDxQB469o?authuser=0&hl=ar&rclk=1,5.0,42,+971 58 587 225,http://poweredbydonut.com/
United SEO Dubai,"BB2, Mazaya Business Avenue - 1207",خدمة التسويق عبر الإنترنت,https://www.google.com/maps/place/United+SEO+Dubai/data=!4m7!3m6!1s0x3e5f6ca73e9134b5:0x279ae8d8d63a71a5!8m2!3d25.0691382!4d55.146576!16s%2Fg%2F11bbwpg_gp!19sChIJtTSRPqdsXz4RpXE61tjomic?authuser=0&hl=ar&rclk=1,4.8,470,,https://www.unitedseo.ae/
Mighty Warner: Best Digital Marketing Company In Dubai,The Burlington Tower - Office #816 - 8th Floor - مراسي درايف,وكالة تسويق,https://www.google.com/maps/place/Mighty+Warner:+Best+Digital+Marketing+Company+In+Dubai/data=!4m7!3m6!1s0x3e5f69d229e07575:0xfcdbefed68ed67b7!8m2!3d25.185003!4d55.2645268!16s%2Fg%2F11f3y1z52w!19sChIJdXXgKdJpXz4Rt2ftaO3v2_w?authuser=0&hl=ar&rclk=1,4.2,234,+971 54 586 431,https://www.mightywarner.ae/
Si3 Digital Marketing Agency Dubai,Opal Tower - 701 705,وكالة تسويق,https://www.google.com/maps/place/Si3+Digital+Marketing+Agency+Dubai/data=!4m7!3m6!1s0x3e5f68321e4fa841:0xc086926549a2e7d3!8m2!3d25.1853578!4d55.2755314!16s%2Fg%2F11ddxp9hpm!19sChIJQahPHjJoXz4R0-eiSWWShsA?authuser=0&hl=ar&rclk=1,4.8,34,,https://www.si3.ae/?utm_source=google_profile&utm_campaign=localo&utm_medium=mainlink
Above Digital,"Downtown Dubai Office 1617, 48 Burjgate Office tower - next to Sofitel Downtown",وكالة تسويق,https://www.google.com/maps/place/Above+Digital/data=!4m7!3m6!1s0x3e5f68295b6598d3:0x74d9b416efe9be43!8m2!3d25.2002067!4d55.2689525!16s%2Fg%2F12q4r4gt3!19sChIJ05hlWyloXz4RQ77p7xa02XQ?authuser=0&hl=ar&rclk=1,4.9,38,,https://www.abovedigital.com/
Meta Social FZ LLC | Performance Marketing Agency In Dubai,HD 21 In5 media,وكالة تسويق,https://www.google.com/maps/place/Meta+Social+FZ+LLC+%7C+Performance+Marketing+Agency+In+Dubai/data=!4m7!3m6!1s0x3e5f6bf813abbe9b:0xba41f0896b3b0950!8m2!3d25.0961678!4d55.1576416!16s%2Fg%2F11sbv7sh6v!19sChIJm76rE_hrXz4RUAk7a4nwQbo?authuser=0&hl=ar&rclk=1,4.9,30,+971 52 278 204,http://metasocial.ae/
Glimpse Digital Marketing and Social Media Agency,Publishing Pavilion Bldg - Unit 709,وكالة تسويق,https://www.google.com/maps/place/Glimpse+Digital+Marketing+and+Social+Media+Agency/data=!4m7!3m6!1s0x3e5f6d9f565cecff:0x28af61e5d7cf0b0d!8m2!3d25.0367204!4d55.1908277!16s%2Fg%2F11f12705qy!19sChIJ_-xcVp9tXz4RDQvP1-Vhryg?authuser=0&hl=ar&rclk=1,4.9,27,,https://www.theglimpseproject.com/
Clicktap Digital Technologies,"Tower, The Prism - Office 1010 - Al Khaleej Al Tejari 1 St",وكالة تسويق,https://www.google.com/maps/place/Clicktap+Digital+Technologies/data=!4m7!3m6!1s0x3e5f69d097e4d24d:0x8e6efd668fcec9bf!8m2!3d25.1867999!4d55.261373!16s%2Fg%2F11f_d04f2n!19sChIJTdLkl9BpXz4Rv8nOj2b9bo4?authuser=0&hl=ar&rclk=1,4.9,49,,https://www.clicktap.ae/
Yardstick Marketing Management,+971 4 351 8584,وكالة تسويق,https://www.google.com/maps/place/Yardstick+Marketing+Management/data=!4m7!3m6!1s0x3e5f43f7748a258d:0xe3521342d224c461!8m2!3d25.2181021!4d55.2787523!16s%2Fg%2F11f5vg64n0!19sChIJjSWKdPdDXz4RYcQk0kITUuM?authuser=0&hl=ar&rclk=1,4.9,215,,http://www.yardstick-marketing.com/
Dreamize,"Suite 1206, Bay View Tower - 12th Floor",وكالة تسويق,https://www.google.com/maps/place/Dreamize/data=!4m7!3m6!1s0x3e5f69cfe4d1fab7:0x47f5894b8cbfee9e!8m2!3d25.181476!4d55.2700473!16s%2Fg%2F11h5m5yfl3!19sChIJt_rR5M9pXz4Rnu6_jEuJ9Uc?authuser=0&hl=ar&rclk=1,4.7,84,,http://www.dreamizegroup.com/
Kingsmen Agency,Churchill Tower - 1 Office 2114,وكالة تسويق,https://www.google.com/maps/place/Kingsmen+Agency/data=!4m7!3m6!1s0x3e5f691f7f045029:0x808d8e3cc52c1558!8m2!3d25.1808281!4d55.2631375!16s%2Fg%2F11hzwd1xpq!19sChIJKVAEfx9pXz4RWBUsxTyOjYA?authuser=0&hl=ar&rclk=1,4.5,42,+971 55 902 234,https://kingsmenagency.com/
The Hanging House - An Experiential Agency,"Dubai Investment Park 2, Span Precast Compound, Office 04 and Warehouse 88",منظم أحداث,https://www.google.com/maps/place/The+Hanging+House+-+An+Experiential+Agency/data=!4m7!3m6!1s0x3e5f5d1f0a3621c1:0x97ee2ebe56740606!8m2!3d24.9673893!4d55.1941042!16s%2Fg%2F11g8ljyc1n!19sChIJwSE2Ch9dXz4RBgZ0Vr4u7pc?authuser=0&hl=ar&rclk=1,4.8,50,,https://www.google.com/aclk?sa=l&ai=DChcSEwjHrZv45YqMAxVMpVAGHVMGKY8YABAAGgJkZw&co=1&ase=2&gclid=EAIaIQobChMIx62b-OWKjAMVTKVQBh1TBimPEBAYASAAEgJXu_D_BwE&sig=AOD64_1HnPqcNbYY7LHpWlFwuHhj8V7l0Q&adurl&ctype=99&nis=6
AGL Corporate Service Provider,The Prism Tower Office No. 2003,مستشار,https://www.google.com/maps/place/AGL+Corporate+Service+Provider/data=!4m7!3m6!1s0x3e5f6904fd3162fd:0x1c6f6a9ea46e58ad!8m2!3d25.1875001!4d55.2611541!16s%2Fg%2F11y4tcc61s!19sChIJ_WIx_QRpXz4RrVhupJ5qbxw?authuser=0&hl=ar&rclk=1,5.0,56,+971 50 849 926,https://www.google.com/aclk?sa=l&ai=DChcSEwjHrZv45YqMAxVMpVAGHVMGKY8YABABGgJkZw&co=1&ase=2&gclid=EAIaIQobChMIx62b-OWKjAMVTKVQBh1TBimPEBAYAiAAEgKV_fD_BwE&sig=AOD64_01g7tAQ6STtRVFTxsHypyciJqJCg&adurl&ctype=99&nis=6
Donut Media | F&B Restaurant Marketing Agency,Dubai Digital Park Office 3018 - Floor 3 - A5 Building,وكالة تسويق,https://www.google.com/maps/place/Donut+Media+%7C+F%26B+Restaurant+Marketing+Agency/data=!4m7!3m6!1s0x3e5f65235f3a4b67:0xdaeb7800c5c3dce8!8m2!3d25.1203209!4d55.3772806!16s%2Fg%2F11llwsynb0!19sChIJZ0s6XyNlXz4R6NzDxQB469o?authuser=0&hl=ar&rclk=1,5.0,42,+971 58 587 225,http://poweredbydonut.com/
"Betasaurus Global | Marketing Agency Dubai, UAE",+1 517-901-3579,وكالة تسويق,"https://www.google.com/maps/place/Betasaurus+Global+%7C+Marketing+Agency+Dubai,+UAE/data=!4m7!3m6!1s0x3e5f433948e29967:0xe90424acee187a2a!8m2!3d25.2123124!4d55.2748222!16s%2Fg%2F11ssx_p8g3!19sChIJZ5niSDlDXz4RKnoY7qwkBOk?authuser=0&hl=ar&rclk=1",4.9,9,+1 517-901-3579,https://betasaurusglobal.com/
Dreamize,"Suite 1206, Bay View Tower - 12th Floor",وكالة تسويق,https://www.google.com/maps/place/Dreamize/data=!4m7!3m6!1s0x3e5f69cfe4d1fab7:0x47f5894b8cbfee9e!8m2!3d25.181476!4d55.2700473!16s%2Fg%2F11h5m5yfl3!19sChIJt_rR5M9pXz4Rnu6_jEuJ9Uc?authuser=0&hl=ar&rclk=1,4.7,84,,http://www.dreamizegroup.com/
Zenerom Digital Marketing Agency in Dubai | Branding | SEO Services | Social Media | Performance Marketing,+971 56 399 6631,وكالة تسويق,https://www.google.com/maps/place/Zenerom+Digital+Marketing+Agency+in+Dubai+%7C+Branding+%7C+SEO+Services+%7C+Social+Media+%7C+Performance+Marketing/data=!4m7!3m6!1s0x3e5f435954cb1f17:0x17806fb757f521f5!8m2!3d25.2090663!4d55.2725411!16s%2Fg%2F11kqmzfzs2!19sChIJFx_LVFlDXz4R9SH1V7dvgBc?authuser=0&hl=ar&rclk=1,5.0,64,+971 56 399 663,https://zenerom.ae/
Mighty Warner: Best Digital Marketing Company In Dubai,The Burlington Tower - Office #816 - 8th Floor - مراسي درايف,وكالة تسويق,https://www.google.com/maps/place/Mighty+Warner:+Best+Digital+Marketing+Company+In+Dubai/data=!4m7!3m6!1s0x3e5f69d229e07575:0xfcdbefed68ed67b7!8m2!3d25.185003!4d55.2645268!16s%2Fg%2F11f3y1z52w!19sChIJdXXgKdJpXz4Rt2ftaO3v2_w?authuser=0&hl=ar&rclk=1,4.2,234,+971 54 586 431,https://www.mightywarner.ae/
Yardstick Marketing Management,+971 4 351 8584,وكالة تسويق,https://www.google.com/maps/place/Yardstick+Marketing+Management/data=!4m7!3m6!1s0x3e5f43f7748a258d:0xe3521342d224c461!8m2!3d25.2181021!4d55.2787523!16s%2Fg%2F11f5vg64n0!19sChIJjSWKdPdDXz4RYcQk0kITUuM?authuser=0&hl=ar&rclk=1,4.9,215,,http://www.yardstick-marketing.com/
Kayaar | Digital Marketing & SEO Consultant Dubai,Prime Tower,خدمة التسويق عبر الإنترنت,https://www.google.com/maps/place/Kayaar+%7C+Digital+Marketing+%26+SEO+Consultant+Dubai/data=!4m7!3m6!1s0x3e5f69bf233a8f43:0x1b5db776cd1171cd!8m2!3d25.1884299!4d55.2716063!16s%2Fg%2F11qbrlwfmw!19sChIJQ486I79pXz4RzXERzXa3XRs?authuser=0&hl=ar&rclk=1,5.0,16,+971 50 957 893,https://www.kayaar.com/
Digital Arabia,+971 58 581 9677,خدمة التسويق عبر الإنترنت,https://www.google.com/maps/place/Digital+Arabia/data=!4m7!3m6!1s0x3e5f43008d0e444b:0x1eb206bb6c69bdfd!8m2!3d25.2089939!4d55.2725235!16s%2Fg%2F11g0hztd6g!19sChIJS0QOjQBDXz4R_b1pbLsGsh4?authuser=0&hl=ar&rclk=1,5.0,41,+971 58 581 967,https://www.digitalarabia.ae/
SERP Triumph | Best Digital Marketing Agency In Dubai,"Downtown - Sheikh Mohammed bin Rashid Blvd , Emaar Square - Boulevard Plaza, Tower 2 Level 23",وكالة تسويق,https://www.google.com/maps/place/SERP+Triumph+%7C+Best+Digital+Marketing+Agency+In+Dubai/data=!4m7!3m6!1s0x2a148790659ddc39:0xf64a37b50ea352c8!8m2!3d25.1998747!4d55.2738715!16s%2Fg%2F11wc1vx8vr!19sChIJOdydZZCHFCoRyFKjDrU3SvY?authuser=0&hl=ar&rclk=1,4.9,30,+971 52 167 222,https://serptriumph.ae/
VOUS Agency,The Regal Tower - 1202 Alsa'ada street,وكالة تسويق,https://www.google.com/maps/place/VOUS+Agency/data=!4m7!3m6!1s0x3e5f690af6004971:0x699aa9af121c5752!8m2!3d25.1867494!4d55.2607567!16s%2Fg%2F11fpkx1x3r!19sChIJcUkA9gppXz4RUlccEq-pmmk?authuser=0&hl=ar&rclk=1,4.7,18,,https://vousagency.com/
Momentum Marketing and Events,"building, Empire Heights - 605, Tower A",وكالة تسويق,https://www.google.com/maps/place/Momentum+Marketing+and+Events/data=!4m7!3m6!1s0x3e5f6918b1bcc291:0x2e206da0a091a6f2!8m2!3d25.1919108!4d55.2844598!16s%2Fg%2F11fqcvt3r6!19sChIJkcK8sRhpXz4R8qaRoKBtIC4?authuser=0&hl=ar&rclk=1,4.9,49,,
Zelta Media,"In5 Design District, D3",وكالة تسويق,https://www.google.com/maps/place/Zelta+Media/data=!4m7!3m6!1s0x3e5f5d81f011b947:0xcd1980247c17a6e!8m2!3d25.1845599!4d55.2985119!16s%2Fg%2F11g19v5sv5!19sChIJR7kR8IFdXz4RbnrBRwKY0Qw?authuser=0&hl=ar&rclk=1,4.9,51,+971 54 565 500,https://zeltamedia.com/
Leads Dubai,"Digital Park - Office no : G001, Building A5 , Dtec",وكالة تسويق,https://www.google.com/maps/place/Leads+Dubai/data=!4m7!3m6!1s0x3e5f643f4db167a7:0x96f869c3ed3308ec!8m2!3d25.1200215!4d55.3780296!16s%2Fg%2F11b6h_dvs5!19sChIJp2exTT9kXz4R7Agz7cNp-JY?authuser=0&hl=ar&rclk=1,3.8,99,+971 50 304 747,https://www.leadsdubai.com/
Upscale Media | F&B Restaurant Marketing Agency Dubai,+971 58 558 0841,وكالة تسويق,https://www.google.com/maps/place/Upscale+Media+%7C+F%26B+Restaurant+Marketing+Agency+Dubai/data=!4m7!3m6!1s0x3e5f69b4976cca5d:0x236c1bb9dbb5dc96!8m2!3d25.2264024!4d55.2843986!16s%2Fg%2F11hzv0bc7z!19sChIJXcpsl7RpXz4Rlty127kbbCM?authuser=0&hl=ar&rclk=1,5.0,30,+971 58 558 084,https://www.upscalemedia.ae/
